station,lat,long
BNR AUTO STOP,23.6931,88.318964
KIDDERPORE AUTO STOP,22.542061,88.318954
BHABANI BHAWAN AUTO STOP,22.54589,88.318964
ALIPORE ZOO AUTO STOP,22.5367,88.3334
HAZRA AUTO STOP,22.5237,88.3467
RASHBEHARI AUTO STOP,22.5171,88.3457
GARIAHAT AUTO STOP,22.5197,88.3652
KASBA POST OFFICE AUTO STOP,22.5188,88.375
HALTU AUTO STOP,22.500914,88.394936
SAFUIPARA AUTO STOP,22.6396737,88.3300048
EM BYPASS AUTO STOP,22.561594,88.408495
BHABANI BHAWAN HAZRA AUTO STOP,22.561694,88.408495
TOLLYGUNGE PHARI AUTO STOP,22.4986357,88.3453906
JADAVPUR PS AUTO STOP,22.4961,88.3706
8B AUTO STOP,22.4957,88.3707
SANTOSHPUR AUTO STOP,22.776,88.5002
AJOYNAGAR AUTO STOP,22.4895,88.3954
NATURE PARK AUTO STOP,22.4895,88.3954
TARATALA AUTO STOP,22.5173,88.298
DESAPRIYA PARK AUTO STOP,22.5186,88.3535
GOLPARK AUTO STOP,22.515868,88.365136
DHAKURIA AUTO STOP,22.5094,88.3676
JADAVPUR 8B AUTO STOP,22.4957,88.3707
EM BYPASS NEW GARIA AUTO STOP,22.4726,88.3981
GARIA STATION AUTO STOP,22.4681,88.4039
DURGAPUR BRIDGE AUTO STOP,23.53344,87.32193
KALIGHAT AUTO STOP,22.516951,88.34587
BHAWANIPUR AUTO STOP,22.5376,88.3526
RABINDRA SADAN AUTO STOP,22.5412,88.3473
MAIDAN AUTO STOP,22.554443,88.340569
PARK STREET AUTO STOP,22.57687,88.35047
ESPLANADE AUTO STOP,22.5631,88.3507
CHANDNI CHOWK AUTO STOP,22.568217,88.356643
CENTRAL AUTO STOP,22.5787,88.3608
MEDICAL COLLEGE AUTO STOP,22.598038,88.377494
MG ROAD METRO AUTO STOP,22.665815,88.39022
GIRISH PARK AUTO STOP,22.5862,88.3637
SHOBHABAZAR AUTO STOP,22.5853,88.3752
SHYAMBAZAR 5 POINT AUTO STOP,22.601983,88.3731
RG KAR AUTO STOP,22.6046,88.3783
BELGACHIA METRO AUTO STOP,22.6058,88.3866
RUBY AUTO STOP,22.515,88.4012
KASBA AUTO STOP,22.517618,88.384048
BALLYGUNGE STATION AUTO STOP,22.5816,88.3848
WELLINGTON AUTO STOP,22.5325,88.3764
MOULALI AUTO STOP,22.5611,88.366
SEALDAH AUTO STOP,22.567764,88.370946
RAJABAZAR AUTO STOP,22.5816,88.3848
MANIKTALA AUTO STOP,22.5853,88.3752
KHANNA AUTO STOP,22.5325,88.3764
BANGUR AVENUE AUTO STOP,22.6027,88.4121
DIAMOND PLAZA AUTO STOP,22.614866,88.41269
SHISHU MANGAL AUTO STOP,22.5232,88.352
MINTO PARK AUTO STOP,22.5414,88.3544
COLLEGE STREET AUTO STOP,22.6013,88.3735
HATIBAGAN AUTO STOP,22.5946,88.3709
BEHALA 14 NO. AUTO STOP,22.5023,88.3184
MOMINPORE AUTO STOP,22.5299,88.3145
EKBALPUR AUTO STOP,22.594044,88.385956
HASTINGS AUTO STOP,22.5325,88.3764
PTS AUTO STOP,22.59577,88.2636641
METIABRUZ AUTO STOP,22.543571,88.267934
RAMNAGAR AUTO STOP,22.5652,88.267934
BABUGHAT AUTO STOP,22.5652,88.3396
BICHALIGHAT AUTO STOP,22.567415,88.392433
FATEHPUR 28 NO AUTO STOP,22.5435,88.3396
RAJABAGAN AUTO STOP,22.5435,88.2862
BICHALI GHAR AUTO STOP,22.572645,88.3396
MUDIALI MORE AUTO STOP,22.572645,88.363892
H.M.G. COLLEGE AUTO STOP,22.5652,88.3396
FATEHPUR AUTO STOP,22.567415,88.392433
GARDEN REACH AUTO STOP,22.5553,88.3312
BABUBAZAR AUTO STOP,22.572645,88.392433
PRINCEP GHAT AUTO STOP,22.5553,88.3312
BABUGHAT / ESPLANADE AUTO STOP,22.5631,88.3507
BARABAZAR AUTO STOP,23.0285,88.3711
SANTOSHPUR STATION AUTO STOP,22.487022,88.387131
JHINJHIRA BAZAR AUTO STOP,23.0285,88.3492
BRACE BRIDGE AUTO STOP,22.5256,88.30019
MAJHERHAT AUTO STOP,23.0285,88.3492
FORT WILLIAM AUTO STOP,22.57285,88.3492
DALHOUSIE AUTO STOP,22.5707,88.3495
JOKA BRIDGE AUTO STOP,22.453066,88.302505
THAKURPUKUR AUTO STOP,22.4568,88.3045
SHILPARA AUTO STOP,22.474739,88.311174
SAKHER BAZAR AUTO STOP,22.4568,88.3184
BEHALA CHOWRASTA AUTO STOP,22.41894,88.310837
BEHALA 14NO. AUTO STOP,22.5023,88.3184
HIDE ROAD AUTO STOP,22.528887,88.306836
B.N.R. HOSPITAL AUTO STOP,22.5459,88.312
SHAKUNTALA PARK AUTO STOP,22.4834,88.2881
BAKULTALA AUTO STOP,22.57791,88.32873
P.T.S. MORE AUTO STOP,22.59577,88.263641
MAIDAN METRO AUTO STOP,22.554443,88.340569
THAKDARI AUTO STOP,22.5681,88.4577
KESTOPUR BAZAR AUTO STOP,22.598841,88.431907
DUMDUM PARK AUTO STOP,22.6032,88.4193
LAKETOWN AUTO STOP,22.6049,88.40365
SREEBHUMI AUTO STOP,22.596166,88.400368
ULTADANGA AUTO STOP,22.5944,88.3919
KHANNA CINEMA AUTO STOP,22.59444,88.3752734
SEALDAH STATION AUTO STOP,22.5654,88.3701
BOWBAZAR AUTO STOP,22.569725,88.360899
CENTRAL METRO AUTO STOP,22.569725,88.360899
OKA BRIDGE AUTO STOP,23.9201,88.360899
THAKURPUKUR 3A AUTO STOP,22.4568,88.3045
CANCER HOSPITAL AUTO STOP,22.4591,88.3197
KALITALA HOUSING AUTO STOP,23.9201,87.9939
KABARDANGA AUTO STOP,22.4634,88.3334
KEORAPUKUR AUTO STOP,22.700346,88.374535
HARIDEVPUR AUTO STOP,22.48,88.3379
TOLLYGUNGE AUTO STOP,22.4874,88.3423
RABINDRA SAROVAR AUTO STOP,22.511,88.3561
HAZRA MORE AUTO STOP,22.087,88.1373
BHOWANIPORE AUTO STOP,22.5376,88.3526
SARKARPOOL AUTO STOP,22.567415,88.392433
ALIPORE COURT AUTO STOP,22.52505,88.331124
MOLLARGATE AUTO STOP,22.511976,88.250992
RAMPUR QUARTER AUTO STOP,22.515,88.2825
S.M. NAGAR AUTO STOP,22.52505,88.2825
DESHAPRIYA PARK AUTO STOP,22.5186,88.3535
SHIBRAMPUR AUTO STOP,22.9487,88.3231
MOYNAGARH AUTO STOP,23.538631,88.3535
SARADA PARK AUTO STOP,22.4909,88.3255
KASBA PS AUTO STOP,22.517618,88.384048
BOSEPUKUR AUTO STOP,22.517943,88.383398
ACROPOLIS MALL AUTO STOP,22.514807,88.393166
RUBY HOSPITAL AUTO STOP,22.515,88.4012
SARSUNA AUTO STOP,22.4803,88.2946
M.L.GUPTA ROAD AUTO STOP,22.4803,88.3403
MUCHIPARA AUTO STOP,22.4871,88.3321
SIRITI MORE AUTO STOP,22.4895,88.3385
N.S.H.M. CAMPUS AUTO STOP,22.5015,88.3403
MAHABIRTALA AUTO STOP,22.5015,88.358344
BECKBAGAN AUTO STOP,22.539878,88.358344
MALLICK BAZAR AUTO STOP,22.548704,88.359679
MOULALI MORE AUTO STOP,22.33,88.22
NEW ALIPORE AUTO STOP,22.509,88.3348
CHAPADALI MORE AUTO STOP,22.7201,88.4861
KAZIPARA DEPOT AUTO STOP,22.7201,88.4872
KADAMBAGACHI AUTO STOP,22.7201,88.6987449
GOAKHALI MORE AUTO STOP,22.5325,88.3764
GOLABARI MORE AUTO STOP,22.567415,88.398433
PAKDAHA AUTO STOP,22.55021718,88.37939144
AMINPUR AUTO STOP,22.54982,88.382
PALTADANGA AUTO STOP,23.4558,88.691
SHASAN BAZAR AUTO STOP,22.70245,88.69485
MITHPUKURIA AUTO STOP,23.644367,88.132858
MAJLISHPUR AUTO STOP,22.54982,88.69485
CHRISTOPHER ROAD AUTO STOP,22.55021718,88.37939144
PANCHKARI MORE AUTO STOP,22.54982,88.382
TANGRA MORE AUTO STOP,23.4558,88.691
R.N.CHOWDHURY ROAD AUTO STOP,22.6127,88.4353
PALMER BAZAR AUTO STOP,22.5614,88.377
M.G. ROAD AUTO STOP,22.57857,88.36076
HOWRAH STATION AUTO STOP,22.584,88.343
HOWRAH MAIDAN AUTO STOP,22.58336,88.333
PILKHANA MORE AUTO STOP,22.5944,88.339
SALKIA CHOWRASTA AUTO STOP,22.601,88.342
CHANDNI MARKET AUTO STOP,22.56544,88.35467
KALIKAPUR AUTO STOP,22.503,88.4
V.I.P. BAZAR AUTO STOP,22.5254,88.395
SCIENCE CITY AUTO STOP,22.541,88.398
TOPSIA MORE AUTO STOP,22.541,88.38744
4NO. BRIDGE AUTO STOP,22.539,88.37
CHITTARANJAN HOSPITAL AUTO STOP,22.545,88.37
C.I.T. ROAD AUTO STOP,22.5628,88.3964
CHIRIA MORE AUTO STOP,22.61878,88.37995
SHYAMBAZAR AUTO STOP,22.2503,88.4354
RAJBALLAVPARA AUTO STOP,22.599,88.367
SOVABAZAR AUTO STOP,22.5972,88.36029
BIRATI MORE AUTO STOP,22.65938,88.4414
AIRPORT 3NO. AUTO STOP,22.653,88.436
AIRPORT 1NO. AUTO STOP,22.643,88.432
CENTRAL JAIL AUTO STOP,22.629,88.421
NAGER BAZAR AUTO STOP,22.623,88.414
KALINDI MORE AUTO STOP,22.60945,88.4005
PATIPUKUR AUTO STOP,22.608,88.3953
BELGACHIA AUTO STOP,22.605,88.38409
R.G.KAR HOSPITAL AUTO STOP,22.6031,88.377
SEALDAH STATION MOULALI MORE AUTO STOP,22.56156,88.366
HELA BATTALA AUTO STOP,22.6101,88.44
JYANGRA AUTO STOP,22.6176,88.4346
ASHWINI NAGAR AUTO STOP,22.609,88.431
BAGUIATI AUTO STOP,22.609,88.427
KESTOPUR AUTO STOP,22.603,88.423
DUNLOP MORE AUTO STOP,22.65231,88.377
BONHOOGHLY AUTO STOP,22.6503,88.3822
TOBIN ROAD AUTO STOP,22.637,88.378
SINTHEE MORE AUTO STOP,22.631,88.3786
SALTLAKE P.N.B. AUTO STOP,22.59,88.399
SALTLAKE C.A. BLOCK AUTO STOP,22.59177,88.4278
LABONY ESTATE AUTO STOP,22.5833468,88.4073503
SALTLAKE 13NO. TANK AUTO STOP,22.574451,88.409085
SALTLAKE STADIUM AUTO STOP,22.5692,88.409
SALTLAKE 14NO. TANK AUTO STOP,22.5729,88.4308
SUSHRUT HOSPITAL AUTO STOP,22.594044,88.385956
WIPRO MORE AUTO STOP,22.594044,88.385956
S.D.F. MORE AUTO STOP,22.5689,88.4308
COLLEGE MORE AUTO STOP,22.5729,88.4384
BARANAGAR BAZAR AUTO STOP,22.64132,88.37727
HEDUA MORE AUTO STOP,22.5879,88.3683
VIVEKANANDA ROAD AUTO STOP,22.58959,88.431838
HIND CINEMA AUTO STOP,22.56498,88.35954
SOUTH CITY AUTO STOP,23.644367,88.132858
LAKE GARDENS AUTO STOP,23.644367,88.132858
ANWAR SHAH ROAD AUTO STOP,22.501946,88.356483
COLONY BAZAR AUTO STOP,22.723703,88.381622
KUSTIA MORE AUTO STOP,22.5325,88.3764
BONDEL GATE AUTO STOP,23.93,88.25
PARK CIRCUS AUTO STOP,22.549606,88.357771
NEPALGUNGE AUTO STOP,22.5325,88.3764
BAKESHWAR AUTO STOP,22.5325,88.3764
MALLICKPUR AUTO STOP,22.5325,88.3764
SAJNABERIA AUTO STOP,22.5325,88.3764
MITTIRCHAK AUTO STOP,22.549606,88.451271
BIJOYGARH AUTO STOP,22.4849967,88.3664167
GANDHI COLONY AUTO STOP,22.484213,88.354332
NETAJI NAGAR AUTO STOP,22.479591,88.358629
RANIKUTHI AUTO STOP,22.484213,88.354332
MALANCHA CINEMA AUTO STOP,22.508037,88.513015
BALLYGUNGE PHARI AUTO STOP,22.5281,88.3658
GARCHA ROAD AUTO STOP,22.53505,88.35941
SISHU MANGAL AUTO STOP,22.5234,88.3517
KAMAL TALKIES AUTO STOP,22.5325,88.3764
ALAMBAZAR AUTO STOP,22.6481,88.3633
DESHBANDHU ROAD AUTO STOP,22.5325,88.4335
COSSIPORE AUTO STOP,22.37,88.22
BIBIBAZAR AUTO STOP,23.627499,87.543282
CHITPUR BRIDGE AUTO STOP,22.3626,88.221
BAGBAZAR AUTO STOP,22.603757,88.369065
KANKURGACHI AUTO STOP,22.5775,88.3936
PHOOLBAGAN AUTO STOP,22.5668,88.3974
BELEGHATA AUTO STOP,22.5655,88.3838
M.G.ROAD AUTO STOP,22.665815,88.39022
S.D.F MORE AUTO STOP,22.5689,88.4308
KARUNAMOYEE AUTO STOP,22.5856,88.421
BIKASH BHAWAN AUTO STOP,22.59106798,88.41688809
CITY CENTER 1 AUTO STOP,22.5898,88.4085
KAIKHALI AUTO STOP,22.635,88.437
HALDIRAMS AUTO STOP,22.6276,88.4331
QUEST MALL AUTO STOP,22.5388,88.3653
BAGHAJATIN AUTO STOP,22.4835,88.3754
RAMGARH AUTO STOP,23.6214,88.3754
GARIA METRO AUTO STOP,22.4724,88.3909
DHALAI BRIDGE AUTO STOP,22.46506,88.39142
LANSDOWNE AUTO STOP,22.5325,88.3764
BAISNABGHATA AUTO STOP,22.4703,88.3883
PATULI MORE AUTO STOP,22.4717451,88.3896929
AKANKHA MORE AUTO STOP,22.618,88.464
CITY CENTER 2 AUTO STOP,22.621,88.45
CHINAR PARK AUTO STOP,22.623,88.441
LOKENATH MANDIR AUTO STOP,22.6206,88.439
SAHEED NAGAR AUTO STOP,22.5021,88.38
SAPUIPARA AUTO STOP,22.6531,88.331
DELHI ROAD AUTO STOP,22.7572,88.317
DANKUNI HOUSING AUTO STOP,22.68,88.29
RAJCHANDRAPUR AUTO STOP,22.6553,88.32334
BALLYHALT AUTO STOP,22.6527,88.339
BALLYKHAL AUTO STOP,22.653,88.3479
BELURMATH AUTO STOP,22.63165,88.35195
DON BOSCO AUTO STOP,22.61997,88.35338
BANDHA GHAT / SALKIA CHOWRASTA AUTO STOP,22.60136,88.34889
GOLABARAI PS / PILKHANA MORE AUTO STOP,22.59333,88.3445
NATUN RASTA AUTO STOP,22.58365,88.30769
DALALPUKUR AUTO STOP,22.58354,88.31077
SURKIKAL AUTO STOP,22.58217,88.32085
SHYAMASREE AUTO STOP,22.89616,88.42512
KALIBABU BAZAR AUTO STOP,22.57671,88.32697
MALLICK FATAK / KADAMTALA AUTO STOP,22.57895,88.33119
SHALIMAR STATION AUTO STOP,22.55459,88.31664
BATAITALA PHARI AUTO STOP,22.56335,88.3121
KAZIPARA MORE / AVANI MALL AUTO STOP,22.56233,88.32297
SHIBPUR BAZAR AUTO STOP,22.5655,88.32312
MALLICK FATAK AUTO STOP,22.57895,88.33119
DOPERIA AUTO STOP,22.72893,88.40284
KALYAN NAGAR AUTO STOP,22.466,88.33865
RASHMONI MORE AUTO STOP,22.70874,88.38396
SODEPUR STATION AUTO STOP,22.70072,88.37844
KAMARHATI AUTO STOP,22.67625,88.37514
RATHTALA MORE AUTO STOP,22.51365,88.38105
DAKSHINESHWAR AUTO STOP,22.65334,88.36232
BIRADINGI MORE AUTO STOP,22.61163,88.31063
TIKIAPARA AUTO STOP,22.59807,88.32452
BELILIOUS ROAD AUTO STOP,22.59732,88.3283
KALIPUR MORE AUTO STOP,22.68215,88.27799
JAGADISHPUR AUTO STOP,22.64822,88.28268
CHAMRAIL AUTO STOP,22.63744,88.29461
EKSARA MORE AUTO STOP,22.62763,88.2913
KONA MORE AUTO STOP,22.62494,88.29336
BAMANGACHI AUTO STOP,22.6037621,88.327565
SALKIA CHOWRASTA / BANDHA GHAT AUTO STOP,22.597218,88.337685
DANESH SHAIKH LANE AUTO STOP,22.5659,88.297
AMTALA PHARI AUTO STOP,23.927376,88.452312
NARAYANA HOSPITAL AUTO STOP,22.5325,88.3764
ARGORI MORE AUTO STOP,22.587601,88.226173
ANDUL BAZAR AUTO STOP,22.594397,88.242661
MOURIGRAM AUTO STOP,22.5802,88.2561
CHUNAVATI AUTO STOP,22.58317,88.237656
HANSKHALI POLE AUTO STOP,23.361263,88.602417
MAKARDAHA AUTO STOP,22.63158,88.25927
KATLIA MORE AUTO STOP,22.5325,88.3764
SALAP MORE AUTO STOP,22.6137,88.2712
BANKRA BAZAR AUTO STOP,22.63,88.6
JAPANI GATE AUTO STOP,22.5325,88.3764
BALTIKURI AUTO STOP,22.606722,88.303169
DASNAGAR AUTO STOP,22.6021063,88.3117739
SHYAMPUR MORE AUTO STOP,22.295937,88.027733
KAMINA MORE AUTO STOP,22.5325,88.3764
MAHISHREKHA AUTO STOP,22.4604,87.9997
KHALORE MORE AUTO STOP,22.5325,88.3764
ANTILA BRIDGE AUTO STOP,22.4132,87.9758
BANTUL MORE AUTO STOP,22.5325,88.3764
NUNTIA MORE AUTO STOP,22.5325,88.3764
MUGKALYAN AUTO STOP,22.4195766,87.9800183
NOUL BAZAR AUTO STOP,22.5325,88.3764
DEORAH MORE AUTO STOP,22.4195766,87.9800183
SHASATI MORE AUTO STOP,22.4195766,87.9800183
BELPUKUR AUTO STOP,21.3178,87.982
HOGLASHI MORE AUTO STOP,22.9,88.389999
KANTHALIBAR AUTO STOP,22.4195766,87.9800183
SHYAMPUR AUTO STOP,22.4195766,87.9800183
NARIKELABAR AUTO STOP,22.4195766,87.9800183
BHAGABANPUR AUTO STOP,22.4195766,87.9800183
KHARUBERIA AUTO STOP,22.4195766,88.0173
GARCHUMUK AUTO STOP,22.3456,88.0858
SHRIKOLE MORE AUTO STOP,22.4195766,87.9800183
RADHAPUR AUTO STOP,23.8286354,87.9800183
CHAPATALA AUTO STOP,22.5605,88.2268
RAJGUNGE AUTO STOP,22.4195766,88.2268
RADHADASHI AUTO STOP,22.4195766,87.72283
PODRA BAZAR AUTO STOP,22.4195766,88.51186
NAZIRGUNGE AUTO STOP,22.55721,88.28182
BHANDERGACHA AUTO STOP,22.59575,87.94969
PANPUR MORE AUTO STOP,22.4195766,87.9800183
SHIBERHANA AUTO STOP,22.5312,88.0551
BARGRAM MORE AUTO STOP,22.5936716,88.47356
KARATBERIA AUTO STOP,22.4977092,88.0698295
NEEMDIGHI AUTO STOP,22.47873,88.09502
ICHAPUR MORE AUTO STOP,22.7655,88.4057
BHABLA STATION AUTO STOP,22.6549,88.855
PIFA BAZAR AUTO STOP,22.4012,88.58296
BHEBIA CHOWRASTA AUTO STOP,22.5232236,88.8238936
RAJAPUR AUTO STOP,22.485921,88.385231
KHARAMPUR AUTO STOP,22.40117,88.58293
AKHRATALA AUTO STOP,22.4912,88.8403
METEKHALI AUTO STOP,22.68612,88.20329
NIMCHI BAZAR AUTO STOP,22.40117,88.58293
CHAITAL GHAT AUTO STOP,22.51371,88.77767
MALANCHA AUTO STOP,22.65293,88.4317
BOYERMARI AUTO STOP,22.43358,88.76319
AGARHATI AUTO STOP,22.395,88.78952
SARBERIA AUTO STOP,22.37261,88.78441
KALYANGARH AUTO STOP,22.84682,88.63137
KACHUA MORE AUTO STOP,22.84832,88.62506
8NO. KALIBARI AUTO STOP,22.83371,88.61723
MAGURKHALI AUTO STOP,22.84475,88.57461
ISWARIGACHA AUTO STOP,22.73285,88.772
AWALSIDDHI AUTO STOP,22.85638,88.53167
ADHATA MORE AUTO STOP,22.86735,88.53245
SHIKRA MORE AUTO STOP,22.85981,88.53459
DARIAPUR AUTO STOP,22.76733,88.48841
NIMA TERASTA AUTO STOP,22.87506,88.48259
HAMIDPUR AUTO STOP,22.87757,88.47551
KULIAGARH AUTO STOP,22.88088,88.4592
SAHEB COLONY AUTO STOP,22.88522,88.4349
DONGARIA AUTO STOP,22.39972,88.16353
NODAKHALI AUTO STOP,22.39647,88.17186
BAKHRAHAT AUTO STOP,22.39212,88.22357
BIBIRHAT AUTO STOP,23.36122,88.32621
SHAMUKPOTA AUTO STOP,22.4195766,87.9800183
SHAMALI AUTO STOP,22.56520462,88.35215245
RASAPUNJA AUTO STOP,22.43715,88.27862
HANSPUKUR AUTO STOP,22.4521,88.2927
KHASNAN AUTO STOP,22.53723,87.99828
UDANG BAZAR AUTO STOP,22.53624,87.99799
AGUNSHI MORE AUTO STOP,22.50835,87.98254
HAROP BAZAR AUTO STOP,22.50021,87.97623
KHADINAN AUTO STOP,22.4775,87.97214
MANIKPUR AUTO STOP,22.65207,88.42719
DHULORBANDH AUTO STOP,22.4195766,87.9800183
RANIHATI AUTO STOP,22.56348,88.15904
DHULAGARH AUTO STOP,22.57542,88.19239
BATA MORE AUTO STOP,22.56012,88.35235
DAKGHAR AUTO STOP,22.50552,88.25013
CALCIUM MORE AUTO STOP,22.43008,88.15865
BIRLA MORE AUTO STOP,23.73267,87.82938
CHARIAL MORE AUTO STOP,22.47326,88.17351
BUDGE BUDGE AUTO STOP,22.45881,88.17056
NUNGI MORE AUTO STOP,22.49701,88.22528
TITAGARH AUTO STOP,22.74319,88.3742
KHARDAH AUTO STOP,22.72398,88.37366
SODEPUR GIRJA AUTO STOP,22.7146,88.38648
MANKUR MORE AUTO STOP,22.46427,87.94883
PATINAN AUTO STOP,22.4195766,87.9800183
KALYANPUR AUTO STOP,22.50169,87.91273
KULEPAIRI AUTO STOP,22.4195766,87.9800183
KHALNA BAZAR AUTO STOP,22.55159,87.93245
KHEJURDAHA AUTO STOP,22.4195766,87.9800183
NATAGARH AUTO STOP,22.6968174,88.3979583
INDRALOK MORE AUTO STOP,22.4195766,87.9800183
DHAMISA AUTO STOP,22.4195766,87.9800183
ALAMPUR AUTO STOP,22.5848,88.2165
JALAN GATE AUTO STOP,22.594588,88.2112
ANKURHATI AUTO STOP,22.611386,88.2513907
NIBRA MORE AUTO STOP,22.5682,88.268
MADHYAMGRAM AUTO STOP,22.6929,88.4656
DOLTALA MORE AUTO STOP,22.6777227,88.4538165
B.T. COLLEGE AUTO STOP,22.68,88.4521
MICHAEL NAGAR AUTO STOP,22.67441,88.44552
NAKTALA AUTO STOP,22.46726,88.38207
BANSDRONI AUTO STOP,22.4753,88.3598
BHAWANI BHAWAN AUTO STOP,22.4195766,87.9800183
COLONY MORE AUTO STOP,22.7234,88.4785
BARBARIA AUTO STOP,22.161708,88.222991
JAGANNATHPUR AUTO STOP,21.68497,87.66787
KOKAPUR AUTO STOP,22.679,88.3788
RANGAPUR AUTO STOP,22.7561,88.4362
NEELGUNGE AUTO STOP,22.7371733,88.4113317
MATHRANGI AUTO STOP,22.726156,88.47696
CHAPURIA AUTO STOP,22.7668,88.4134
DEBPUKUR AUTO STOP,22.765,88.4046
MOHANPUR AUTO STOP,21.838531,87.4314549
WIRELESS MORE AUTO STOP,22.7691,88.38858
SUBHASH COLONY AUTO STOP,22.76725,88.37323
BARRACKPORE STATION AUTO STOP,22.767427,88.388344
BARRACKPORE COURT AUTO STOP,22.77087,88.34586
SAHARARHAT AUTO STOP,22.2986459,88.1443781
BELSINGHA AUTO STOP,22.301,88.152
HARINDANGA AUTO STOP,23.3669,88.66761
DIGHIRPAR AUTO STOP,22.3779,88.3137
DOSTIPUR AUTO STOP,22.2986459,88.452312
SHIRAKOLE AUTO STOP,22.342374,88.260719
AMTALA AUTO STOP,23.927376,88.452312
BISHNUPUR AUTO STOP,23.067881,87.316521
KHARIBERIA AUTO STOP,22.40021,88.2778
BHASHA 14NO. AUTO STOP,22.5023,88.3184
PAILAN AUTO STOP,22.4336,88.2907
BAGMORE AUTO STOP,22.95298,88.42324
HALISAHAR AUTO STOP,22.9441261,88.4193259
BOLDEGHATA AUTO STOP,22.5655,88.3838
GARIFA ROAD AUTO STOP,22.9083,88.4093
NAIHATI STATION AUTO STOP,22.88557,88.41655
BHATPARA AUTO STOP,22.859726,88.404839
KANKINARA AUTO STOP,22.85319,88.399179
JAGATDAL AUTO STOP,22.858776,88.40612
AUTHPUR AUTO STOP,22.8416,88.3821
SHYAMNAGAR AUTO STOP,23.3492,88.6929
PALTA BAZAR AUTO STOP,22.7815,88.3683
MOYNA CHECKPOST AUTO STOP,22.24763,87.78316
KHILKAPUR AUTO STOP,22.75767,88.49065
MIRHATI MORE AUTO STOP,22.77055,88.49499
KAMDEBPUR AUTO STOP,22.78709,88.50374
AMDANGA AUTO STOP,22.80604,88.51187
RAHANA BAZAR AUTO STOP,22.829,88.52001
KANCHIARA AUTO STOP,22.88386,88.53651
BETHPUKUR AUTO STOP,22.54796,88.40039
GADAMARA AUTO STOP,22.90003,88.53925
KAPILESHWAR AUTO STOP,22.93464,88.54379
RAFIPUR AUTO STOP,22.82415,88.50944
PADMALAVPUR AUTO STOP,22.83643,88.47491
RAMBATI AUTO STOP,22.84645,88.45564
JAGULI MORE AUTO STOP,22.94609864,88.54434406
MONDOURIE AUTO STOP,22.94090143,88.52676449
CHARAPOLE AUTO STOP,22.92938554,88.47283599
KAMPA MORE AUTO STOP,22.92999075,88.46116846
DASHADRONE AUTO STOP,22.6306089,88.44852684
GOPALPUR HOUSE AUTO STOP,22.63740064,88.4507292
KALIPARK AUTO STOP,22.63636719,88.45285354
BABLATALA AUTO STOP,22.05867579,88.42937086
NARAYANPUR AUTO STOP,22.17190651,88.2233772
BERABERI AUTO STOP,22.76719167,88.44339412
RECKJUANI AUTO STOP,22.63193676,88.48307122
RAJARHAT CHOWMATHA AUTO STOP,22.62681716,88.48883763
LAUHATI AUTO STOP,22.6111951,88.51328168
VEDIC VILLAGE AUTO STOP,22.60443038,88.52593903
SHIKHARPUR AUTO STOP,22.5989842,88.53075547
BAZETARAF AUTO STOP,22.59360003,88.54698299
POLERHAT AUTO STOP,22.10591927,88.30748318
KASHIPUR AUTO STOP,22.80269012,88.68170499
SHONEPUR AUTO STOP,23.30574405,87.91983764
KANTHALIA AUTO STOP,23.87903682,88.57789416
CHANDPUR AUTO STOP,23.41432958,88.33370143
DHIBDHIBA AUTO STOP,22.60614441,88.55827977
PIRNAGAR AUTO STOP,22.593,88.59385109
PAYRAGACHA AUTO STOP,22.69922011,88.24933052
DHANPOTA AUTO STOP,22.235474,88.39503842
MAZOMPUR AUTO STOP,22.6064501,88.64467182
SALUA BAZAR AUTO STOP,22.63279113,88.45092193
DEROZIO COLLEGE AUTO STOP,22.63390968,88.45794764
MOTIGUNGE AUTO STOP,23.0483412,88.83250412
GHATBOAR AUTO STOP,23.06918796,88.82423319
KATLAMARI AUTO STOP,23.33051815,88.23225796
CHANDA AUTO STOP,23.66505706,87.04543969
GANRAPOTA AUTO STOP,23.14013555,88.81857011
PATSHIMULIA AUTO STOP,23.14405667,88.82085919
ASHARU BAZAR AUTO STOP,23.17006997,88.84930985
HELENCHA AUTO STOP,23.18650149,88.85655718
BAGDAH AUTO STOP,23.21240698,88.88830241
MEHERANI AUTO STOP,22.4195766,87.9800183
CHOATIA AUTO STOP,22.4195766,87.9800183
SINDRANI AUTO STOP,23.21755,88.73776
CHOWMUHA AUTO STOP,22.6267394,88.4889454
KRISHNAMATI AUTO STOP,22.67811,88.53791
KEMIA MORE AUTO STOP,22.4195766,87.9800183
KUSTIA MORE AUTO STOP,22.52899,88.37595
KANCHANTALA AUTO STOP,22.5419,88.2508
BADU BAZAR AUTO STOP,22.54496,88.31988
CHAPABERIA AUTO STOP,22.4195766,87.9800183
CHALKI BAZAR AUTO STOP,22.4195766,87.9800183
GOPALNAGAR AUTO STOP,23.1799,88.5743
PALLAGRAM AUTO STOP,22.4195766,87.9800183
NAHATA AUTO STOP,22.9165,88.82165
NIMTALA AUTO STOP,22.97587,88.43106
NAGARUKHRA AUTO STOP,22.9421,88.6383
HAPANIA AUTO STOP,23.7881,88.6383
JHIKRA BAZAR AUTO STOP,22.896,88.6485
BANBANIA AUTO STOP,22.85997,88.65415
SREEPALLY AUTO STOP,22.5376,88.3523
MAMUDPUR AUTO STOP,23.8357,87.9689
GOALBAGI AUTO STOP,23.16226,88.73621
NATABERIA AUTO STOP,23.1744825,88.7317165
MALIPOTA AUTO STOP,22.4195766,87.9800183
BAJITPUR AUTO STOP,22.02424,88.61447
PURATAN BONGAON AUTO STOP,23.0046,88.84147
ANGRAIL AUTO STOP,23.0394,88.8285
BARNABERIA AUTO STOP,22.4195766,87.9800183
JHAWDANGA AUTO STOP,22.4195766,87.9800183
KAHANKIA AUTO STOP,22.4195766,87.9800183
PABNAPARA AUTO STOP,22.4195766,87.9800183
PURANDARUR AUTO STOP,22.4195766,87.9800183
SUBIDPUR AUTO STOP,22.4195766,87.9800183
CULTURE MORE AUTO STOP,22.6647,88.3984
BADAMTALA AUTO STOP,22.80417,88.36637
BELGHORIA STATION AUTO STOP,22.6606,88.3897
BONHOOGHLY TOBIN ROAD AUTO STOP,22.65083,88.38243
SALTLAKE 4NO. TANK AUTO STOP,22.5973,88.40894
BAISAKHI MORE AUTO STOP,22.61703,88.43772
PURTA BHAWAN AUTO STOP,22.5916,88.4199
DUMDUM STATION AUTO STOP,22.647051,88.431686
GARCHA AUTO STOP,22.4195766,87.9800183
BROAD STREET AUTO STOP,22.4195766,87.9800183
RAICHAK MORE AUTO STOP,22.20923,88.11926
SARISHA MORE AUTO STOP,22.2552101,88.1900976
B.K.PAUL MORE AUTO STOP,22.5959,88.3624
KALABERIA AUTO STOP,22.5729,88.4384
LANGOLPOTA AUTO STOP,22.6267,88.4889
MAHISHGARI AUTO STOP,22.4195766,87.9800183
KALUR MORE AUTO STOP,22.58815,88.50845
GANGRAGURI AUTO STOP,21.63868,88.08009
GARFA ROAD AUTO STOP,21.63868,88.3786
RAMLAL BAZAR AUTO STOP,22.4195766,87.9800183
HALTU BAZAR AUTO STOP,22.51125,88.38202
NALMURI AUTO STOP,22.497797,88.5961
BORALI GHAT AUTO STOP,22.51818,88.58457
PAGLARHAT AUTO STOP,22.49737,88.57199
BHOJERHAT AUTO STOP,22.5045148,88.5383955
KANTATALA AUTO STOP,22.47545,88.65361
LEATHER COMPLEX AUTO STOP,22.5073,88.5329
BANTALA BAZAR AUTO STOP,22.4195766,87.9800183
CHOWBAGA AUTO STOP,22.4195766,87.9800183
BOARDGHAR AUTO STOP,22.5936716,88.4735656
MURAGACHA AUTO STOP,23.37409,88.61429
GHOLA BAZAR AUTO STOP,22.4195766,87.9800183
GIRISH PARK / COLLEGE STREET AUTO STOP,22.58759,88.36302
SALTLAKE 9NO. TANK AUTO STOP,22.58708,88.42434
206 BUS STAND AUTO STOP,22.4719,88.3991
SALTLAKE 7NO. TANK AUTO STOP,22.59769,88.42399
AHIRITOLA AUTO STOP,22.5957,88.36
JORABAGAN AUTO STOP,22.5922,88.3567
MALAPARA / NIMTALA GHAT AUTO STOP,22.4195766,87.9800183
BARABAZAR / POSTA BAZAR AUTO STOP,22.4195766,87.9800183
SHIBANIPITH AUTO STOP,22.35673,88.43461
BARUIPUR HOSPITAL AUTO STOP,22.3596751,88.4317758
BARUIPUR STATION AUTO STOP,22.3658265,88.4310842
PADMAPUKUR AUTO STOP,22.4938,88.5842
KHASMALLICK AUTO STOP,22.4195766,87.9800183
HARINAVI AUTO STOP,22.4195766,87.9800183
RAJPUR BAZAR AUTO STOP,22.4064698,88.4088668
NARENDRAPUR AUTO STOP,22.4366,88.3992
KAMALGAZI AUTO STOP,22.4495,88.3912
MAHAMAYATALA AUTO STOP,22.45403,88.38787
MALLICKBAZAR AUTO STOP,22.4195766,87.9800183
SOUTHERN AVENUE AUTO STOP,22.51404,88.35969
DOORDARSHAN BHAWAN AUTO STOP,22.49524,88.36026
BIRATI STATION AUTO STOP,22.6629,88.4299
SALTLAKE 12NO. TANK AUTO STOP,22.57677,88.40905
SALTLAKE 16NO. TANK AUTO STOP,22.59753,88.4242
BUILDING MORE AUTO STOP,22.84135,88.62657
SUKHOBRISHTI MORE AUTO STOP,22.56572,88.51426
KARIGARI BHAWAN AUTO STOP,22.5603,88.49146
U.E.M. CAMPUS AUTO STOP,22.56004,88.48991
UNITECH GATE 1 AUTO STOP,22.61204,88.52628
NARKELBAGAN AUTO STOP,22.5732,88.47293
AXIS MALL AUTO STOP,22.58067,88.46077
NEWTOWN AUTO STOP,22.583,88.4536
D.L.F. 1 AUTO STOP,22.5816,88.4502
NICCO PARK AUTO STOP,22.57158,88.42004
CHINGRIGHATA AUTO STOP,22.55644587,88.41821167
MUKUNDAPUR AUTO STOP,22.49074879,88.40561531
AJAYNAGAR AUTO STOP,22.48984612,88.39469008
HILAND PARK AUTO STOP,22.48310596,88.39162914
AKRA FATAK AUTO STOP,22.53563772,88.25529337
BARTALA BAZAR AUTO STOP,22.54213456,88.26525312
BICHALI GHAT AUTO STOP,22.54924127,88.28523718
TRIMOHINI AUTO STOP,23.92556678,88.36964604
KHOLAPOTA AUTO STOP,22.6828994,88.81236104
GOPALPUR AUTO STOP,22.90849209,88.70971821
MATIA BRIDGE AUTO STOP,22.54884685,88.28247368
SWARUPNAGAR AUTO STOP,22.81474343,88.85733869
BERACHAMPA AUTO STOP,22.695749,88.68795173
DEGANGA AUTO STOP,22.68738302,88.65371249
KARTICKPUR AUTO STOP,22.6976481,88.63899715
AKRA STATION AUTO STOP,22.51446892,88.24931848
MAHJERHAT AUTO STOP,22.51854587,88.32233656
 MANIKTALA AUTO STOP,22.58507061,88.37482942
GURUSADAY ROAD AUTO STOP,22.53400016,88.36434606
NAYABAD AUTO STOP,22.48591779,88.41227423
PEERLESS HOSPITAL AUTO STOP,22.48147829,88.39266804
PARNASREE AUTO STOP,22.50939716,88.30658721
BEHALA PS AUTO STOP,22.50385235,88.31862857
DHAPA ROAD AUTO STOP,22.54835749,88.4002015
BEADON STREET AUTO STOP,22.59102988,88.36274904
MALAPARA AUTO STOP,22.58696739,88.35508304
CENTRAL PARK AUTO STOP,22.58383138,88.41563959
KADAPARA AUTO STOP,22.57070394,88.4038522
SUBHASH SAROBAR AUTO STOP,22.57079564,88.40035657
ECO PARK AUTO STOP,22.59432713,88.47335539
ALIAH UNIVERSITY AUTO STOP,22.59113235,88.48727219
ECO SPACE AUTO STOP,22.58427599,88.48954616
D.L.F. 2 AUTO STOP,22.57888698,88.48567309
UNITECH GATE 2 AUTO STOP,22.57692528,88.48306591
BELGHARIA STATION AUTO STOP,22.66059126,88.38968692
BANDHA GHAT AUTO STOP,22.60138748,88.34887828
HANSKHALI AUTO STOP,23.3597246,88.60555073
SALTLAKE P.N.B AUTO STOP,22.59151391,88.39997778
BAKSARA AUTO STOP,22.58134637,88.29600118
BELEPOLE AUTO STOP,22.5773154,88.30295081
GHORADAHA AUTO STOP,22.66899514,87.78298037
MUNSHIRHAT AUTO STOP,22.65402141,88.09409402
BARAGACHIA AUTO STOP,22.6676942,88.13237712
DOMJUR AUTO STOP,22.63420776,88.22061711
LILUAH STATION AUTO STOP,22.61932669,88.34821521
MANDIRTALA AUTO STOP,22.56951049,88.31759613
VIDYASAGAR SETU AUTO STOP,22.56400228,88.31818436
E.M. BYPASS AUTO STOP,22.58942273,88.3956412
MATHPUKUR AUTO STOP,22.54796287,88.40043519
METROPOLITAN AUTO STOP,22.552653,88.40634991
DALANGHATA AUTO STOP,22.1708682,88.23355611
HATUGUNGE AUTO STOP,22.16899329,88.25252306
DEULAR MORE AUTO STOP,22.16881761,88.28230506
MANDIRBAZAR AUTO STOP,22.16016213,88.32132678
RATNESHWARPUR AUTO STOP,22.15913832,88.35940212
PUKURIA HAT AUTO STOP,22.15441226,88.37323839
KARBALA MORE AUTO STOP,22.14547059,88.38852344
MATHURAPUR STATION AUTO STOP,22.14229152,88.39449942
SOUTH BISHNUPUR AUTO STOP,22.38073273,88.27228025
KHOTIRBAZAR AUTO STOP,22.72934223,88.35034327
BELGACHI AUTO STOP,22.60520659,88.38394426
LALPUR AUTO STOP,22.12384742,88.41924463
KRISHNACHANDRAPUR AUTO STOP,21.84094026,88.41924463
KASHINAGAR AUTO STOP,22.0880408,88.42751201
COMPANIR THEK AUTO STOP,22.0384098,88.42690116
MAYRAMAHAL AUTO STOP,22.76865191,88.33018551
KHANDALIA AUTO STOP,22.4195766,87.9800183
HARIDASHPUR AUTO STOP,22.3230164,87.81526409
BHADURA AUTO STOP,22.27590254,88.12632146
GOUNDIA RAGHUNATHPUR AUTO STOP,22.27600802,88.12634516
DHUKRIJHARA AUTO STOP,22.4195766,87.9800183
PATESWARI MANDIR AUTO STOP,22.2578222,88.16042304
PITAMBARA AUTO STOP,22.25563217,88.16729927
SARISHA 246 MORE AUTO STOP,22.2482698,88.18520128
KALAGACHIA AUTO STOP,22.23925347,88.18419337
KAPATHAT AUTO STOP,22.20619277,88.18408461
LENINNAGAR AUTO STOP,22.4195766,87.9800183
NOONGOLA AUTO STOP,22.4195766,87.9800183
DIAMOND HARBOUR AUTO STOP,22.19350953,88.18970492
MANDABTALA AUTO STOP,22.4195766,87.9800183
ANCHNA AUTO STOP,22.4195766,87.9800183
BRINDABANPUR AUTO STOP,22.10563956,87.86818471
RAMNARAYANPURRAMNARAYANPUR AUTO STOP,22.86095103,87.99540035
BURUL BAZAR AUTO STOP,22.36101546,88.11371017
CHANDUA BAZAR AUTO STOP,22.36269591,88.12441743
BISALAKSHMITALA AUTO STOP,22.4195766,87.9800183
UTTAR RAMKRISHNAPUR AUTO STOP,22.4911718,88.40470402
GHASIARA AUTO STOP,22.43956742,88.4427345
RAMCHANDRAPUR AUTO STOP,22.43314139,88.46296909
ARAPANCH AUTO STOP,22.43104815,88.47043992
NATAGACHI AUTO STOP,22.42756066,88.4722512
TEMATHA AUTO STOP,22.42343499,88.50109032
MAKRAMPUR AUTO STOP,22.49120612,88.40453902
PRASADPUR AUTO STOP,22.42776135,88.53033326
SUNDIA AUTO STOP,22.42873493,88.53236643
CHANDANESHWAR AUTO STOP,22.43672949,88.5688156
JHAUTALA AUTO STOP,22.48465429,88.29766399
SOBEDATALA AUTO STOP,22.4195766,87.9800183
PATKELPOTA AUTO STOP,22.43785901,88.58190434
SONDALIA BABLATALA AUTO STOP,22.63279647,88.45228039
BADIR MORE AUTO STOP,22.4195766,87.9800183
SITURI AUTO STOP,22.4444,88.59694
KALITALA AUTO STOP,23.2417,88.551
BODRA AUTO STOP,22.4513,88.6097
SAIHATI AUTO STOP,22.4195766,87.9800183
JAGULGACHI AUTO STOP,22.48452,88.60856
 PALBAZAR AUTO STOP,22.4195766,87.9800183
POWER HOUSE AUTO STOP,22.60027,88.37419
IIMC HOSPITAL AUTO STOP,22.45045,88.30604
MISSION PALLY AUTO STOP,22.44362,88.42043
SHIMULTALA AUTO STOP,22.53088,88.31248
BHASHA 14NO AUTO STOP,22.4195766,87.9800183
UTTAR CHANDIPUR AUTO STOP,22.55669,88.65942
KACHUBERIA AUTO STOP,21.8593,88.1415
KULPI AUTO STOP,22.08342,88.24462
DAKSHIN RAMKRISHNAPUR AUTO STOP,22.05482,88.2487
CHAKDULALPUR AUTO STOP,22.03995,88.23234
KARANJALI AUTO STOP,22.03551,88.24567
ONGC MORE AUTO STOP,22.43952,88.3402
NATUN RASTAR MORE AUTO STOP,21.96909,88.20811
KAKDWIP STATION (BAMUNER MORE) AUTO STOP,21.872969,88.199615
KAKDWIP BUS STAND AUTO STOP,21.91187,88.1856
KAJOLER MORE AUTO STOP,22.4195766,87.9800183
HOSPITAL MORE AUTO STOP,21.97418,88.35093
GANGADHARPUR AUTO STOP,21.8879,88.31916
ADDHABAZAR AUTO STOP,21.83906,88.31474
MILAN MORE AUTO STOP,22.02766,88.37016
 UTTAR CHANDIPUR AUTO STOP,22.4195766,87.9800183
TANTIRHAT AUTO STOP,22.0943,88.27569
DAYARAMPUR BAZAR AUTO STOP,22.4195766,87.9800183
LAKSHMIKANTAPUR STATION AUTO STOP,22.109867,88.320869
GABBERIA AUTO STOP,22.553953,88.133702
BHAGABATIPUR AUTO STOP,22.6927,88.19155
SIDDHIBERIA AUTO STOP,22.3653,88.3751
PATHARBERIA MORE AUTO STOP,22.36969,88.20969
JAMALPUR MORE AUTO STOP,22.49612,88.2687
JAGADISHPUR HOSPITAL AUTO STOP,22.07178,88.30313
 DHOLAHAT MORE AUTO STOP,22.3653,88.3751
DAKSHIN BIRAMPUR AUTO STOP,22.4195766,87.9800183
BHAGABANPUR MORE AUTO STOP,22.76573,88.40577
CHOWDHURY CHAK AUTO STOP,22.4195766,87.9800183
SARASBERIA AUTO STOP,22.37462,88.77633
BRAHMANER MORE AUTO STOP,21.98982,88.36654
RATHTALA AUTO STOP,22.663,88.3766
GURUDASPUR HOSPITAL MORE AUTO STOP,22.92695,88.36787
TENTULIA BAZAR AUTO STOP,22.78552,88.85413
JASHODA MORE AUTO STOP,22.4195766,87.9800183
INDRANARAYANPUR AUTO STOP,22.4195766,87.9800183
RAMGANGA BDO OFFICE AUTO STOP,21.82177,88.36798
DHRUBABAZAR AUTO STOP,21.81917,88.37509
BEHALA 14NO AUTO STOP,22.5023,88.3184
KALATALAHAT AUTO STOP,22.29527,88.09599
GHATAKPUKUR AUTO STOP,22.5029,88.6156
BAMUNIA AUTO STOP,23.0537,87.7135
CHANDIPUR AUTO STOP,22.53226,88.63055
GHOSHPUR AUTO STOP,22.448663,88.867767
GHUSHIGHATA AUTO STOP,22.5959,88.4007
BAMANPUKUR AUTO STOP,22.57265,88.69021
KUSHANGRA AUTO STOP,22.51855,88.71746
MINAKHAN AUTO STOP,22.508,88.7275
JOYGRAM AUTO STOP,22.5306884,88.9335973
GABBUNI AUTO STOP,22.34483,88.76331
CHARABIDYA AUTO STOP,22.34469,88.76346
ATHAROBANKI AUTO STOP,22.3055,88.7059
DHURI BAZAR AUTO STOP,22.34483,88.76331
AMJHARA AUTO STOP,22.32145,88.70511
KANTHALBERIA AUTO STOP,22.305557,88.420878
KALTALA AUTO STOP,22.289,88.6949
BHANGANKHALI AUTO STOP,22.28876,88.68521
NARAYANTALA AUTO STOP,22.6096,88.4275
KULTALI AUTO STOP,21.88352,88.52677
UTTAR SONAKHALI AUTO STOP,22.55164,87.7669
MASHAT MARKET AUTO STOP,22.2814,88.24124
USTHI AUTO STOP,22.2317,88.2733
ADHARMANIK AUTO STOP,22.37236,88.35572
BAGARIA AUTO STOP,22.34483,88.76331
PIRTALA AUTO STOP,23.6858,87.9353
GHATUR MORE AUTO STOP,23.3598,88.2946
GOBRA MORE AUTO STOP,22.6661,88.495
JALILPUR AUTO STOP,22.34483,88.76331
BALAKHALI AUTO STOP,21.5633,88.2682
JULPIA AUTO STOP,22.36605,88.35392
DHOPAGACHI AUTO STOP,22.92484,88.58973
KALYANPUR PANCHAYAT AUTO STOP,22.3697,88.40505
SUJAPUR AUTO STOP,22.91133,88.08688
MOHIRAMPUR AUTO STOP,22.3139,88.1332
CANNING STATION AUTO STOP,22.3127,88.6687
MATLA BRIDGE AUTO STOP,22.30265,88.67409
DOCKGHAT AUTO STOP,22.30777,88.68325
SONAKHALI BUS STAND AUTO STOP,22.34483,88.76331
BASANTI CHOWMATHA AUTO STOP,22.1593,88.7015
SHIBGANJ BAZAR AUTO STOP,22.68104,88.15585
SUNDERBAN CHOWMATHA AUTO STOP,22.1593,88.7015
JYOTISHPUR AUTO STOP,22.13388,88.71571
BASHIRAM BAZAR AUTO STOP,22.13161,88.66993
HIRANMOYPUR AUTO STOP,22.1251,88.67929
NAFARGANGE AUTO STOP,22.08945,88.66475
KUMIRMARI BAZAR AUTO STOP,22.2041589,88.934646
SAHIDNAGAR AUTO STOP,22.32283136,88.40150999
DUTTABAZAR AUTO STOP,21.81928,88.37509
NIMPITH AUTO STOP,22.65923692,88.41250491
TULSIGHATA AUTO STOP,22.15016159,88.45096549
MOLLARCHAK AUTO STOP,22.51229812,88.27162097
NATUNHAT AUTO STOP,22.48730446,88.27218339
PRIYOR MORE AUTO STOP,22.57843003,88.3008776
KHOLAKHALI HAT AUTO STOP,22.13565508,88.52345384
JALABERIA AUTO STOP,22.12574916,88.56206913
NASKARPARA AUTO STOP,22.5035807,88.37633337
JAMTALA AUTO STOP,22.41094674,88.37131177
MANDALERHAT AUTO STOP,22.58105889,88.33433344
SANKIZAHAN AUTO STOP,22.32283136,88.40150999
KANTAMARI AUTO STOP,22.32283136,88.40150999
DAKSHIN DURGAPUR AUTO STOP,22.32283136,88.40150999
PETKULCHAND BAZAR AUTO STOP,22.32283136,88.40150999
BHASA PANCHRASTA BAZAR AUTO STOP,22.32283136,88.40150999
DEBIPUR AUTO STOP,23.14254719,88.15749666
BHUBANESHWARI AUTO STOP,22.56049411,88.36349614
BINDOPUR AUTO STOP,22.32283136,88.40150999
LAKSHMI MORE AUTO STOP,22.46456732,88.37701026
MAIPITH BAZAR AUTO STOP,22.32283136,88.40150999
BAIKUNTHAPUR AUTO STOP,22.43653665,88.42487816
FERRY GHAT AUTO STOP,22.56334509,88.32582981
SUBHASNAGAR AUTO STOP,22.75523653,88.43855031
TENTULTALA AUTO STOP,22.60762118,88.39872487
KAUTALA AUTO STOP,22.32283136,88.40150999
MADHABPUR MORE AUTO STOP,22.77233273,88.46546596
MANIKPIR MORE AUTO STOP,22.86336795,88.39489697
BINODPUR AUTO STOP,22.580888,88.35940536
MAIPITH COASTAL AUTO STOP,21.91537061,88.53339624
KALIDANGA AUTO STOP,22.18187887,88.71844051
CHANDKHALI AUTO STOP,22.17067939,88.72826281
MATGARAN AUTO STOP,22.17074397,88.72824668
DAKSHIN BATTALA AUTO STOP,22.17039126,88.72845056
MASJIDBATI AUTO STOP,22.17039126,88.72845056
PANIKHALI AUTO STOP,23.22843243,88.67394469
 NIRDESHKHALI AUTO STOP,22.17039126,88.72845056
10 NO. MAJHIPARA AUTO STOP,22.97441836,88.43481597
BARIA AUTO STOP,22.46705627,88.40084635
BAGULAKHALI AUTO STOP,22.60868039,88.4270611
UKILERHAT AUTO STOP,22.17039126,88.72845056
NAMKHANA STATION AUTO STOP,22.36561045,88.27255445
SIBANAGAR AUTO STOP,22.17039126,88.72845056
10 MILE BAZAR AUTO STOP,22.57443109,88.37314564
FRASERGUNJE AUTO STOP,22.17039126,88.72845056
AMRABATI AUTO STOP,22.17039126,88.72845056
NIMTA BAZAR AUTO STOP,22.66223834,88.4094494
NABABPUR AUTO STOP,22.61199259,88.46710182
DURGANAGAR AUTO STOP,22.6560122,88.41885536
MATHKAL AUTO STOP,22.6517667,88.40191304
DUNLOP BRIDGE AUTO STOP,22.6523747,88.37718606
KUNDUBARI AUTO STOP,22.77606612,88.38965314
BABANPUR AUTO STOP,22.78517331,88.38953196
KAYRAPUR AUTO STOP,22.78963656,88.3942782
MUTHURAPUR AUTO STOP,22.77867803,88.48395412
KOWGACHI AUTO STOP,22.82060905,88.39594164
HANSIA AUTO STOP,22.79806798,88.39776012
BASUDEBPUR AUTO STOP,22.81866993,88.40341779
GURDAH AUTO STOP,22.81413888,88.40213846
KEUTIA AUTO STOP,22.84569194,88.42346255
BANSTALA AUTO STOP,22.42708565,88.41596778
DOGACHIA AUTO STOP,22.9991822,88.79568597
BONGAON 78E BUS STAND AUTO STOP,23.04950355,88.83034304
BONGAON 1 NO. RAILGATE BAZAR AUTO STOP,23.03648727,88.82601298
GOLAKNAGAR AUTO STOP,23.06082423,88.76713869
KALUPUR AUTO STOP,22.17039126,88.72845056
MONDOLPARA AUTO STOP,22.04838922,88.42553196
CHANDPARA BAZAR AUTO STOP,22.9691422,88.78036403
BOKCHORA AUTO STOP,22.95410686,88.75675897
GAIGHATA P.S. AUTO STOP,22.93033775,88.73111196
AMKOLA AUTO STOP,22.17039126,88.72845056
MATIKUMRA AUTO STOP,22.72837878,88.68459646
SHRIPUR MALLIKPUR AUTO STOP,22.17039126,88.72845056
HATKHOLA BAZAR AUTO STOP,22.59956102,88.36087494
GOBARDANGA GOIPUR AUTO STOP,22.87658057,88.75996853
KUMORPALLY AUTO STOP,22.17039126,88.72845056
GOBARDANGA BAZAR AUTO STOP,22.87726019,88.76149735
NAKPUL AUTO STOP,22.8679902,88.74309539
MACHHLANDAPUR STATION AUTO STOP,22.18588322,87.96162864
BISWASHATI BAZAR AUTO STOP,22.84184587,88.74162809
SHIMULPUR SENBARI AUTO STOP,22.92194137,88.7836593
MAGRA BAZAR AUTO STOP,22.80477207,88.74146197
BAGJOLA BAZAR AUTO STOP,22.78900805,88.7411054
HAIDARPUR AUTO STOP,22.17039126,88.72845056
RUDRAPUR AUTO STOP,22.76323333,88.77592587
BADURIA BAZAR AUTO STOP,22.74348116,88.78792084
TARAGUNIA AUTO STOP,22.62048946,88.43134893
GADARATI AUTO STOP,22.58625872,88.36955084
MAITROBAGAN AUTO STOP,22.5463121,88.39152349
BASIRHAT 72 BUS STAND AUTO STOP,22.6626756,88.85855812
JOYGACHI AUTO STOP,22.84887033,88.66397958
PAYRAGACHI AUTO STOP,22.56705805,88.35490468
NAKPUL BAZAR AUTO STOP,22.52831646,88.38312285
MACHHLANDAPUR AUTO STOP,22.49020401,88.41743196
BAGJOLA AUTO STOP,22.7990505,88.74264483
JANGALPUR AUTO STOP,22.59093404,88.22120766
 NARAYANPUR AUTO STOP,22.64353242,88.46198881
BADURIA AUTO STOP,22.74286174,88.78948295
HARISPUR AUTO STOP,22.67868696,88.83844413
TRIMOHANI AUTO STOP,22.6675116,88.8501531
BASIRHAT CHOWMATHA AUTO STOP,22.6592652,88.85702326
BHYABLA HALT AUTO STOP,22.6546834,88.85552278
PIFA AUTO STOP,22.59246435,88.40541841
MURARISHAH CHOWMATHA AUTO STOP,22.57337946,88.84214547
BHEBIA CHOWMATHA AUTO STOP,22.57272267,88.83965758
DAKSHIN AKHRATALA AUTO STOP,22.49116682,88.84022888
MITEKHALI AUTO STOP,21.9967591,87.73883615
SADARPUR AUTO STOP,22.48893461,88.41724289
MADARTALA AUTO STOP,22.60118283,88.6149968
KENDUA BAZAR AUTO STOP,22.47126149,88.38244033
MALATIPUR AUTO STOP,22.17039126,88.72845056
KORAPARA AUTO STOP,22.98676678,87.85498086
GHORARAS BELTALA AUTO STOP,22.65235113,88.78357198
GOPALPUR MORE AUTO STOP,22.90830077,88.70988409
HARISHPUR AUTO STOP,23.60105406,87.17716548
BASIRHAT TRIMOHINI AUTO STOP,22.66257195,88.85852978
BASIRHAT PURATAN BAZAR AUTO STOP,22.6638392,88.86037514
BASIRHAT COURT AUTO STOP,22.6706107,88.84792014
SANGRAMPUR AUTO STOP,22.6662083,88.87128488
BIRAMNAGAR AUTO STOP,22.67918279,88.87011945
GANDHARBAPUR AUTO STOP,22.50329673,88.61550403
KATIAHAT BAZAR AUTO STOP,22.73132897,88.86286499
ATURIA AUTO STOP,22.75242071,88.86465849
GOALDAHA AUTO STOP,22.76610831,88.85420864
GOKULPUR AUTO STOP,22.95009222,88.46739379
TENTULIA AUTO STOP,22.78457083,88.85407519
HATHATGANGE AUTO STOP,22.47523154,88.28997879
SWARUPNAGAR BDO OFFICE AUTO STOP,22.81597873,88.85726124
MALANGAPARA AUTO STOP,22.81893902,88.85852429
JORABATTALA AUTO STOP,22.55223413,88.15711059
SARAPUL AUTO STOP,22.8500763,88.86658429
DAKBUNGALOW BAZAR AUTO STOP,22.83828074,88.86713679
NIRMAN AUTO STOP,22.84267934,88.88858146
DUTTAPARA AUTO STOP,22.95940831,87.92213105
BITHARI AUTO STOP,22.84698771,88.93321045
BARASAT DAKBUNGLOW MORE AUTO STOP,22.71090935,88.47550392
MADHYAMGRAM CHOWMATHA AUTO STOP,22.69293529,88.46556246
DOLTALA AUTO STOP,22.68245124,88.46227383
BT COLLEGE AUTO STOP,22.6799991,88.45216051
GOURIPUR AUTO STOP,22.6649124,88.44396419
AIRPORT (COVERS ALL 4 GATES) AUTO STOP,22.6458458,88.43392594
HALDIRAM AUTO STOP,22.62812879,88.43300429
TEGHARIA AUTO STOP,22.62173729,88.43236281
BAGUIHATI AUTO STOP,22.60982929,88.42751366
KESHTOPUR AUTO STOP,22.60337155,88.42330795
LAKE TOWN AUTO STOP,22.59935,88.40623063
ULTODANGA AUTO STOP,22.59440379,88.39128007
BENGAL CHEMICAL AUTO STOP,22.58021637,88.40146847
MANI SQUARE AUTO STOP,22.57810669,88.40172155
CHINGRIHATA AUTO STOP,22.55656766,88.41241537
CHOWBAGHA AUTO STOP,22.53306428,88.40236022
BANTALA AUTO STOP,22.525923,88.44293383
BAMANGHATA AUTO STOP,22.5182064,88.47128388
CALCUTTA LEATHER COMPLEX (COVERS ALL 3 GATES) AUTO STOP,22.50814968,88.51847694
PAGLAHAT AUTO STOP,22.4971894,88.57204283
BORALIGHAT AUTO STOP,22.56395734,88.33859953
MATHBARI AUTO STOP,22.54620184,88.39971099
RAJBARI AUTO STOP,22.842612,88.58057539
SHIRISHTALA AUTO STOP,22.74347935,88.34693052
KANMARI MORE AUTO STOP,22.44064542,88.80331597
FAKIRTALA AUTO STOP,23.4142224,88.39544595
RAMPUR AUTO STOP,22.515411,88.28372252
DAKBUNGLOW MORE AUTO STOP,22.7107411,88.47545564
SUKANTANAGAR AUTO STOP,22.67810762,88.44753351
MICHAELNAGAR AUTO STOP,22.67421844,88.44540655
BANKRA AUTO STOP,22.6670732,88.44466916
SARAT COLONY AUTO STOP,22.6558497,88.43996992
AIRPORT (COVERS ALL THE GATES) AUTO STOP,22.6480573,88.43572864
TEGHORIA AUTO STOP,22.62165297,88.43249588
FULBAGAN AUTO STOP,22.57178879,88.39172335
BELEGHATA CIT MORE AUTO STOP,22.56211922,88.40785952
SARKARBAZAR AUTO STOP,22.56512119,88.38508174
SALES TAX AUTO STOP,22.56610469,88.37999242
MUNSHIBAZAR AUTO STOP,22.56356918,88.37808991
SEALDAH COURT AUTO STOP,22.56507758,88.37048738
NRS HOSPITAL AUTO STOP,22.563378,88.36779164
AKASHBANI BHABAN AUTO STOP,22.5655,88.34471136
RG KAR HOSPITAL AUTO STOP,22.60318679,88.37780866
NAGERBAZAR AUTO STOP,22.62302869,88.41410173
AIRPORT AUTO STOP,22.64350721,88.43215836
BARASAT CHAMPADALI MORE AUTO STOP,22.7201075,88.48615219
GOLABARI AUTO STOP,22.70173872,88.57612958
BELIAGHATA BAZAR AUTO STOP,22.55944473,88.40974014
JADURHATI AUTO STOP,22.73536616,88.73965852
RAGHUNATHPUR AUTO STOP,22.96288765,88.53615981
BARRACKPORE CANTONMENT AUTO STOP,22.77057772,88.34583474
CHIRIAMORE AUTO STOP,22.61876497,88.37988859
NONACHANDANPUKUR AUTO STOP,22.76693879,88.37749691
WIRELESS GATE AUTO STOP,22.76739821,88.38745074
GHEEDAH AUTO STOP,22.76433639,88.41440665
MATHRANGI MORE AUTO STOP,22.76229621,88.42390455
NILGUNGE HAT AUTO STOP,22.75896147,88.43292257
KAZIBARI AUTO STOP,22.74767901,88.44836789
HELABATTALA AUTO STOP,22.72477183,88.4788282
SALTLAKE KARUNAMOYEE NARAYANPUR AUTO STOP,22.58466213,88.42216867
MOGRA AUTO STOP,22.98438112,88.37554694
KUMRA - KASHIPUR AUTO STOP,22.81532816,88.69938676
KOIPUKUR AUTO STOP,22.82696957,88.66765653
BANIPUR AUTO STOP,22.82251182,88.64265774
HABRA AUTO STOP,22.84241669,88.65775857
ASHOKNAGAR AUTO STOP,22.8277685,88.62764912
GUMA AUTO STOP,22.8085,88.6011
LAKSHMIPOOL AUTO STOP,22.109867,88.320869
BIRA AUTO STOP,22.78568,88.57325
DUTTAPUKUR AUTO STOP,22.7609,88.5481
BANUMGACHI AUTO STOP,22.75692,88.507256
BARASAT CHAMPADALI AUTO STOP,22.7195,88.4867
DAKBUNGALOW MORE AUTO STOP,22.84572,88.63779
AIRPORT GATE 1 AUTO STOP,22.6419,88.4311
VIP ROAD AUTO STOP,22.84572,88.63779
JOYGACHHI AUTO STOP,22.8489,88.664
HABRA STATION AUTO STOP,22.8434,88.65721
HABRA MANSABARI AUTO STOP,22.83939,88.65231
RADHA CHEMICAL MORE AUTO STOP,22.84572,88.63779
KANKPUL SCHOOL AUTO STOP,22.84572,88.63779
KANKPUL MORE AUTO STOP,22.84572,88.63779
DAULATPUR AUTO STOP,22.8667,88.6213
SENDANGA AUTO STOP,22.8893847,88.6060294
PUMLIA BAZAR AUTO STOP,22.92015,88.59421
NOORPUR AUTO STOP,22.23272,88.09388
SHRIKRISHNAPUR AUTO STOP,22.2225,87.9252
AMRAGACHHI AUTO STOP,22.94298,88.57224
RAJBERIA AUTO STOP,22.9245,88.5409
JAGULI ANANDAPUR AUTO STOP,22.9289,88.5424
CHAMPADALI MORE AUTO STOP,22.7201,88.4861
KAZIPARA AUTO STOP,22.72228,88.49935
CTC DEPOT AUTO STOP,22.5276,88.35712
BAMUNMURA AUTO STOP,22.70545,88.51029
PIRGACHA AUTO STOP,22.79013,88.47735
GOAKHALI AUTO STOP,22.84572,88.63779
BOKUNDA AUTO STOP,22.699,88.5901
BAIDYAPUR KANCHKAL AUTO STOP,23.25525,88.36192
BELIAGHATA BRIDGE AUTO STOP,22.5618,88.4084
BISWANATHPUR AUTO STOP,22.69933,88.63022
KARTIKPUR AUTO STOP,22.84572,88.63779
DEBALOY HADIPUR POST OFFICE AUTO STOP,22.84572,88.63779
HADIPUR COLONY AUTO STOP,22.6688,88.6847
HAROA RAILGATE AUTO STOP,22.66483,88.68485
HAMADAMA AUTO STOP,22.65432,88.68382
ADAMPUR AUTO STOP,22.60555,88.66659
PIYARA AUTO STOP,22.61944,88.68316
KAZIPARA RAILGATE AUTO STOP,22.73821,88.51118
MONDONGATHI AUTO STOP,22.84572,88.63779
BIRA JOYPUL CHOWMATHA AUTO STOP,22.7823,88.57539
GUMA CHOWMATHA AUTO STOP,22.80865,88.61104
KHOSDELPUR AUTO STOP,22.81218,88.61917
ASHOKNAGAR RAILGATE AUTO STOP,22.8251,88.6261
ASHOKNAGAR 5 NO. MORE AUTO STOP,22.8348,88.6386
HABRA DESHBANDHU PARK AUTO STOP,22.838,88.64783
SAPTAPALLY MORE AUTO STOP,22.8526,88.66646
CHONGDA MORE AUTO STOP,22.8593,88.6732
SONPUKUR AUTO STOP,22.65541,88.52726
BERGUM AUTO STOP,22.86629,88.71772
JAMTALA BOROPOLE AUTO STOP,22.87847,88.72879
MANDALPUR AUTO STOP,22.89811,88.74523
CHATRA BAZAR AUTO STOP,23.02898,88.86156
BENAR MORE AUTO STOP,23.02898,88.86156
KAYOSA BAZAR AUTO STOP,22.80435,88.81271
RAMCHANDRAPUR BAZAR AUTO STOP,22.82358,88.81832
HATHATGUNGE AUTO STOP,23.02898,88.86156
MALLICKBARI AUTO STOP,22.53394,88.34913
NANDIBARI AUTO STOP,22.66737,88.39221
GOALBATHAN AUTO STOP,22.83888,88.93322
NITYANANDAKATI AUTO STOP,22.82781,88.94365
BALTI AUTO STOP,22.81788,88.94255
MALLICKPUR TEMATHA AUTO STOP,22.44587,88.33442
HIRGHATA AUTO STOP,22.9609,88.5706
KEFAYETKATI AUTO STOP,22.72696,88.8684
KATIAHAT AUTO STOP,22.27091,88.14666
HATHATGANJ AUTO STOP,22.27091,88.14666
RAGHABKATI AUTO STOP,22.85335,88.87704
GOBINDAPUR AUTO STOP,22.2968,88.0041
DUNLOP AUTO STOP,22.6523,88.3772
SODPUR TRAFFIC MORE AUTO STOP,22.70099,88.37476
KANCHKAL AUTO STOP,22.71437,88.38934
GHOLA AUTO STOP,22.69137,88.40745
SAJIRHAT AUTO STOP,22.696293,88.4393203
APC COLLEGE AUTO STOP,22.698,88.43861
HRIDAYPUR AUTO STOP,22.711,88.4699
BARASAT DAKBUNGLOW AUTO STOP,22.27091,88.14666
BONGAON 1NO. RAILGATE BAZAR AUTO STOP,23.07344,88.81511
YOGENDRANATH HIGH SCHOOL AUTO STOP,22.27091,88.14666
PANCHPOTA SCHOOL MORE AUTO STOP,22.91666,88.85388
MONDONPARA AUTO STOP,22.9889,88.7884
CHANDPARA B.D.O. OFFICE AUTO STOP,22.02289,88.76841
GAIGHATA BAZAR AUTO STOP,22.93035,88.73654
BAGNA MORE AUTO STOP,22.93023,88.72619
DHARAMPUR AUTO STOP,22.27091,88.14666
KOLASHIM BAZAR AUTO STOP,22.1193,88.28125
KULPUKUR AUTO STOP,22.8806,88.68807
HATTHUBA AUTO STOP,22.9322,88.82165
ASHOKNAGAR STATION AUTO STOP,22.8278,88.6276
BIRA CHOWMATHA AUTO STOP,22.8278,88.6276
JOYPUL BAZAR AUTO STOP,22.77711,88.56912
BAMANGACHHI AUTO STOP,22.87734,88.67181
MONDONKATHI AUTO STOP,22.6443,88.40092
AIRPORT 3NO. GATE AUTO STOP,22.65403,88.4365
BELGHORIA EXPRESSWAY AUTO STOP,22.87734,88.67181
PRAMODNAGAR AUTO STOP,22.6443,88.40092
BARANAGAR ROAD STATION AUTO STOP,22.641192,88.3744
NILGUNGE ROAD AUTO STOP,22.76166,88.43106
SINTHI AUTO STOP,22.63081047,88.37857939
BIDHANNAGAR ROAD STATION AUTO STOP,22.59125319,88.39058496
HUDCO AUTO STOP,22.59006828,88.39339536
PNB AUTO STOP,22.59124168,88.39942734
BAISAKHI AUTO STOP,22.59730376,88.42125988
SECTOR V AUTO STOP,22.57244588,88.43813811
NAZRUL TIRTHA AUTO STOP,22.58132328,88.44816674
MOYNA AUTO STOP,22.73816259,88.48054959
KATHGOLA AUTO STOP,22.61144801,88.44484402
NOAPARA AUTO STOP,22.61905418,88.4475906
BIRATI AUTO STOP,22.83673923,87.88960238
CITY CENTRE 2 AUTO STOP,22.62178711,88.45048815
AKANSHA AUTO STOP,22.61832681,88.46506264
NAWABPUR AUTO STOP,22.61200249,88.46713401
JATRAGACHI AUTO STOP,22.58446489,88.47382729
NEW TOWN AUTO STOP,22.5818765,88.45153257
DLF AUTO STOP,22.581718,88.45153257
MAHISBATHAN AUTO STOP,22.58011229,88.44031349
GODREJ WATERSIDE AUTO STOP,22.57281583,88.43797145
TECHNOPOLIS AUTO STOP,22.58042118,88.43805612
WIPRO AUTO STOP,22.57919149,88.42628724
TANK NO.10 AUTO STOP,22.58226568,88.42416766
I.T.C. INFOTECH AUTO STOP,22.54439708,88.35367376
HAJRATALA AUTO STOP,22.52244443,88.34672809
NATUNPUKUR AUTO STOP,22.54955701,88.36239219
SIRISHBAGAN AUTO STOP,22.56736323,88.48190071
UNITECH GATE NO. 1 AUTO STOP,22.57691537,88.48311419
NEWTOWN BUS STAND. TECHNOPOLIS AUTO STOP,22.58041127,88.43797029
PHILLIPS MORE AUTO STOP,22.57812386,88.43557965
W.I.P.R.O. AUTO STOP,22.57916177,88.42628724
10 NO. TANK AUTO STOP,22.58230385,88.42409647
BIDHAN NAGAR COLLEGE AUTO STOP,22.58525725,88.40497263
P.N.B. MORE AUTO STOP,22.59135923,88.39969404
HUDCO MORE AUTO STOP,22.58911627,88.39503476
ULTADANGA STATION AUTO STOP,22.59327466,88.38869301
GOURIBARI AUTO STOP,22.59412539,88.37756091
R.G KAR HOSPITAL AUTO STOP,22.60318679,88.37779794
ANANDAPALIT AUTO STOP,22.55647682,88.37261236
PHILIPS MORE AUTO STOP,22.55902718,88.37275746
PRACHI CINEMA HALL AUTO STOP,22.56488639,88.36828375
JAGAT CINEMA HALL AUTO STOP,22.57153679,88.37119046
SUKEA STREET AUTO STOP,22.58179837,88.37447591
SAHITYA PARISHAD AUTO STOP,22.59061,88.37525136
FARIAPUKUR AUTO STOP,22.60001314,88.37405654
RABINDRA BHARATI UNIVERSITY AUTO STOP,22.62643706,88.37914201
SINTHIR MORE AUTO STOP,22.63285339,88.3782904
BONHOOGLY AUTO STOP,22.65054991,88.38233324
INDIAN STATISTICAL INSTITUTE AUTO STOP,22.64850417,88.37762633
SABEDABAGAN AUTO STOP,22.65111309,88.37257749
TANTIPARA AUTO STOP,23.8980164,87.37649489
ALAMBAZAR MORE AUTO STOP,22.6480332,88.36327336
PG HOSPITAL AUTO STOP,22.54116505,88.34016768
TOLL PLAZA AUTO STOP,22.6541944,88.32755673
SANTRAGACHI AUTO STOP,22.58528389,88.28359978
UNSANI AUTO STOP,22.5876886,88.28008178
KONA XING AUTO STOP,22.60633853,88.25953524
SALAP AUTO STOP,22.6135724,88.27122018
DOMJUR BDO OFFICE AUTO STOP,22.626777,88.23327368
KHIDDERPORE AUTO STOP,22.54122382,88.32561327
EXIDE AUTO STOP,22.541476,88.34791809
MULLICKBAZAR AUTO STOP,22.54617282,88.36142764
ALOCHAYA AUTO STOP,22.56449318,88.38795479
CIT MORE AUTO STOP,22.56303474,88.39575507
TATA MEDICAL AUTO STOP,22.57717951,88.47878517
KASBA THANA AUTO STOP,22.51938517,88.38259954
BIJAN SETU (BALLYGUNGE STATION) AUTO STOP,22.52120398,88.36963036
MANOHARPUKUR AUTO STOP,22.52084482,88.35165198
SHISHUMANGAL HOSPITAL AUTO STOP,22.52327798,88.35209793
LANSDOWNE CROSSING AUTO STOP,22.52507255,88.35248701
BELTALA AUTO STOP,22.52720296,88.35277868
SOUTH CALCUTTA GIRLS' COLLEGE AUTO STOP,22.529013,88.35276118
CHAKRABERIA ROAD XING AUTO STOP,22.53586083,88.35545291
ROWLAND ROAD XING AUTO STOP,22.53833518,88.35861711
CAMAC STREET AUTO STOP,22.54127073,88.35131946
P.G HOSPITAL AUTO STOP,22.54115514,88.34016768
SHIBPUR TOLL PLAZA AUTO STOP,22.54127073,88.18572089
CARRY ROAD AUTO STOP,22.57053981,88.30535136
BETORE AUTO STOP,22.57843868,88.30087426
BAKSHARA AUTO STOP,22.58136737,88.29599158
SANTRAGACHI STATION AUTO STOP,22.58503443,88.28367823
SUKHOBRISHTI AUTO STOP,22.56635246,88.51486224
KARIGARI BHABAN AUTO STOP,22.56015018,88.49140234
INFOSPACE AUTO STOP,22.57709276,88.48311022
UNITECH AUTO STOP,22.57699038,88.48290918
NEW TOWN BUS STAND AUTO STOP,22.58274825,88.45391437
MAHISHBATHAN AUTO STOP,22.58031366,88.44095597
NABADIGANTA AUTO STOP,22.576436,88.43971437
IBM AUTO STOP,22.57603719,88.43115672
MAYUKH BHABAN AUTO STOP,22.58984381,88.41952009
BIKASH BHABAN AUTO STOP,22.59033865,88.41669362
CA ISLAND AUTO STOP,22.58690809,88.40293264
2 NO. TANK AUTO STOP,22.589389,88.40137483
PNB MORE AUTO STOP,22.59000599,88.40091716
DUTTABAGAN AUTO STOP,22.60754227,88.39144265
KALINDI AUTO STOP,22.60921639,88.40031201
LAKE TOWN JESSORE ROAD AUTO STOP,22.60946399,88.4006446
GARIA BUS STAND AUTO STOP,22.46791845,88.40395078
BAISHNABGHATA AUTO STOP,22.47031833,88.3773418
SULEKHA AUTO STOP,22.49163017,88.37226409
JADAVPUR THANA AUTO STOP,22.50267538,88.36772765
CIT ROAD AUTO STOP,22.9117663,88.82448968
SEALDAH STN AUTO STOP,22.91660908,88.85339172
MANICKTALA AUTO STOP,22.54729646,88.38474153
TANK 4 AUTO STOP,23.8338039,87.59047871
SECH BHAWAN AUTO STOP,22.59108978,88.32002807
SEC V AUTO STOP,22.54560297,88.37048866
NEWTOWN BUS TERMINUS AUTO STOP,22.6067371,88.28658382
TOPSIA AUTO STOP,22.601561,88.34443871
4 NO. BRIDGE AUTO STOP,22.55747189,88.08561669
(ZEESHAN CROSSING/DARGA ROAD) AUTO STOP,22.56334031,88.04883161
PARK CIRCUS 7 POINT AUTO STOP,22.5756565,88.01027872
MALLIKBAZAR AUTO STOP,22.5755909,87.99657962
NONAPUKUR AUTO STOP,22.58226136,87.98710392
RIPON STREET AUTO STOP,22.58713268,87.96543546
JORA GIRJA AUTO STOP,22.59591249,87.96668838
ENTALLY MARKET AUTO STOP,22.6005075,87.96661734
SHREEBHUMI AUTO STOP,22.6059081,87.96371521
LAKE TOWN VIP AUTO STOP,22.38491281,88.07970646
BANGUR AUTO STOP,22.486111,88.30456312
KATAKHAL AUTO STOP,22.14963923,88.09409743
BIDHHANAGAR COLLEGE AUTO STOP,22.62447922,88.37903354
CC1 AUTO STOP,22.52554977,88.03439926
BIKASH BHAVAN AUTO STOP,22.67282779,87.97662735
TANK 10 AUTO STOP,22.72021211,87.98280685
 TECHNOPOLISH AUTO STOP,23.53213592,88.14357746
EASTERN ENCLAVE AUTO STOP,22.59152248,88.27371963
COAL INDIA AUTO STOP,22.76054255,87.98546658
KARIGARI BHAVAN AUTO STOP,22.48377685,88.37489223
HATISALA AUTO STOP,22.52938466,88.42065196
GABTOLA BAZAR AUTO STOP,22.58452959,88.33422425
SATULIA BRIDGE AUTO STOP,22.9117663,88.82448968
SADULI AUTO STOP,22.91660908,88.85339172
BHOGALI AUTO STOP,22.54729646,88.38474153
LAKE MALL AUTO STOP,23.8338039,87.59047871
 DESHAPRIYA PARK AUTO STOP,22.59108978,88.32002807
BELIAGHATA AUTO STOP,22.54560297,88.37048866
NEW BARRACKPORE AUTO STOP,22.6067371,88.28658382
KASHIMPUR AUTO STOP,22.601561,88.34443871
SHIBALAYA AUTO STOP,22.55747189,88.08561669
MIRHATI AUTO STOP,22.56334031,88.04883161
DARIPUKUR AUTO STOP,22.5756565,88.01027872
HELA BATTALA MORE AUTO STOP,22.5755909,87.99657962
SATABHARAT AUTO STOP,22.58226136,87.98710392
NABABHARATI. TALIKHOLA AUTO STOP,22.58713268,87.96543546
BARBADIA AUTO STOP,22.59591249,87.96668838
BISHNU COTTON MILL AUTO STOP,22.6005075,87.96661734
BARASAT STATE UNIVERSITY AUTO STOP,22.6059081,87.96371521
SUBHASH NAGAR AUTO STOP,22.38491281,88.07970646
NILGUNGE HUT AUTO STOP,22.486111,88.30456312
NILGUNGE AUTO STOP,22.14963923,88.09409743
SAHEBBAGAN GATE AUTO STOP,22.62447922,88.37903354
MATHARANI MORE AUTO STOP,22.52554977,88.03439926
NILGUNGE DEPOT AUTO STOP,22.67282779,87.97662735
CALCUTTA TECHNICAL SCHOOL AUTO STOP,22.72021211,87.98280685
BORO KANTHALIA MORE AUTO STOP,23.53213592,88.14357746
BARRACKPORE CHIRIA MORE AUTO STOP,22.59152248,88.27371963
TALPUKUR AUTO STOP,22.76054255,87.98546658
SODEPUR AUTO STOP,22.48377685,88.37489223
PANIHATI AUTO STOP,22.52938466,88.42065196
AGARPARA AUTO STOP,22.58452959,88.33422425
ALPAN DIARY AUTO STOP,22.9117663,88.82448968
PRABARTAK JUTE MILL AUTO STOP,22.91660908,88.85339172
RUBBER FACTORY AUTO STOP,22.54729646,88.38474153
SARASWATI PRESS AUTO STOP,23.8338039,87.59047871
MADHABPUR AUTO STOP,22.59108978,88.32002807
BERABERIA AUTO STOP,22.54560297,88.37048866
LALKUTHI AUTO STOP,22.6067371,88.28658382
BARRACKPORE CHIRIAMORE AUTO STOP,22.601561,88.34443871
BANAMALIPUR AUTO STOP,22.55747189,88.08561669
BARASAT DEPOT AUTO STOP,22.56334031,88.04883161
KADAMBAGACCHI AUTO STOP,22.5756565,88.01027872
TONA AUTO STOP,22.5755909,87.99657962
BARASAT AUTO STOP,22.58226136,87.98710392
NIMCHI AUTO STOP,22.58713268,87.96543546
BHEBIA AUTO STOP,22.59591249,87.96668838
BARASAT DISTRICT HOSPITAL AUTO STOP,22.6005075,87.96661734
MANDALGANTHI AUTO STOP,22.6059081,87.96371521
BAMANGACHI CHOWMATHA AUTO STOP,22.38491281,88.07970646
ASHOKENAGAR RAILGATE AUTO STOP,22.486111,88.30456312
SHERPUR KALIBARI AUTO STOP,22.14963923,88.09409743
8 NO. KALIBARI MORE AUTO STOP,22.62447922,88.37903354
HABRA MANASABARI AUTO STOP,22.52554977,88.03439926
NAGARUKHRA MORE AUTO STOP,22.67282779,87.97662735
BANBANIA CHOWMATHA AUTO STOP,22.72021211,87.98280685
KAJLA AUTO STOP,23.53213592,88.14357746
JHIKRA BATTALA AUTO STOP,22.59152248,88.27371963
SINGA AUTO STOP,22.76054255,87.98546658
HARIPARA AUTO STOP,22.48377685,88.37489223
KASHTODANGA AUTO STOP,22.52938466,88.42065196
CHOUBERIA CHOWRASTA AUTO STOP,22.58452959,88.33422425
FULBARI AUTO STOP,22.9117663,88.82448968
ASHOKNAGAR CHOWRANGI AUTO STOP,22.91660908,88.85339172
KALYANGARH MORE AUTO STOP,22.54729646,88.38474153
MANASABARI BAZAR AUTO STOP,23.8338039,87.59047871
SANPUKUR BAZAR AUTO STOP,22.59108978,88.32002807
KHATURA BAZAR AUTO STOP,22.54560297,88.37048866
JAMDANI AUTO STOP,22.6067371,88.28658382
MADHUSANKATI AUTO STOP,22.601561,88.34443871
GAZNA BAZAR AUTO STOP,22.55747189,88.08561669
SUTIA AUTO STOP,22.56334031,88.04883161
PANCHPOTA AUTO STOP,22.5756565,88.01027872
ACHARIPARA AUTO STOP,22.5755909,87.99657962
PURANDARPUR AUTO STOP,22.58226136,87.98710392
KADAMTALA AUTO STOP,22.58713268,87.96543546
SHANPUR AUTO STOP,22.59591249,87.96668838
JAPANIGATE AUTO STOP,22.6005075,87.96661734
NIBRA CROSSING AUTO STOP,22.6059081,87.96371521
MANIKPIR AUTO STOP,22.38491281,88.07970646
BHANDARGACHA AUTO STOP,22.486111,88.30456312
AMTA AUTO STOP,22.14963923,88.09409743
BETAI BANDAR MORE AUTO STOP,22.62447922,88.37903354
KHOROP AUTO STOP,22.52554977,88.03439926
SEHAGORI MORE AUTO STOP,22.67282779,87.97662735
THALIYA AUTO STOP,22.72021211,87.98280685
NISCHINTAPUR AUTO STOP,23.53213592,88.14357746
BINALA AUTO STOP,22.59152248,88.27371963
MANASHATALA AUTO STOP,22.76054255,87.98546658
SHAORABERIA AUTO STOP,22.48377685,88.37489223
BARDA AUTO STOP,22.52938466,88.42065196
CHITRASENPUR AUTO STOP,22.58452959,88.33422425
KUMARCHAK AUTO STOP,22.52554977,88.03439926
PURPAT AUTO STOP,22.67282779,87.97662735
UDAINARAYANPUR AUTO STOP,22.72021211,87.98280685
KURCHI AUTO STOP,23.53213592,88.14357746
AL AMEEN MISSION AUTO STOP,22.59152248,88.27371963
LEBUTALA AUTO STOP,22.76054255,87.98546658
JAYANTI AUTO STOP,22.48377685,88.37489223
PASCHIM GAZIPUR. ON RETURN GOES VIA :- SHANPUR AUTO STOP,22.52938466,88.42065196
FANSITALA AUTO STOP,22.58452959,88.33422425
CHAKHNA AUTO STOP,22.57089877,88.0381
KALATALA AUTO STOP,22.573478,88.01599082
ASUTTOLA AUTO STOP,22.57112155,88.00257389
VANDERGACHA AUTO STOP,22.56573201,88.05235569
10 NO. POLE AUTO STOP,22.56525404,88.05650508
MANIKPIR BAZAR AUTO STOP,22.55677267,88.08673065
JALA BISWANATHPUR AUTO STOP,22.04880688,87.4909089
DHULOR BANDH AUTO STOP,22.56573837,88.12715118
MALLIKBAGAN AUTO STOP,22.56608428,88.14584636
JALAN COMPLEX AUTO STOP,22.61006235,88.34480282
KONA EXPRESSWAY CROSSING (NIBRA) AUTO STOP,22.60618006,88.25923483
KONA HIGH ROAD AUTO STOP,22.62546739,88.29295918
JOYPUR BILL AUTO STOP,22.64578712,88.30643996
BAMONDANGA AUTO STOP,22.69953628,88.24882486
THAKURANICHAK KALITALA AUTO STOP,22.6560851,88.32040471
SAHEBBAGAN AUTO STOP,22.76166171,88.42723209
BALLY HALT STATION AUTO STOP,22.6528153,88.33973519
BALLY BRIDGE AUTO STOP,22.6530703,88.35453724
DAKSHINESWAR AUTO STOP,22.65325611,88.36063406
DUNLOP (BARANAGAR ROAD STATION) AUTO STOP,22.65335889,88.37839956
PRAMODNAGAR MATHKAL AUTO STOP,22.6517865,88.40193449
BELGHARIA EXPRESSWAY AUTO STOP,22.6620502,88.38017563
AIRPORT 3 NO. GATE AUTO STOP,22.65347545,88.43646815
AIRPORT 2 NO. GATE AUTO STOP,22.6458458,88.43394203
AIRPORT 1 NO. GATE AUTO STOP,22.64366166,88.43242973
SANTRAGACHHI STATION AUTO STOP,22.58514521,88.28370707
P.T.S. AUTO STOP,22.53995527,88.33724939
P.G. HOSPITAL AUTO STOP,22.54118486,88.34014622
RABINDRA SADAN (EXIDE MORE) AUTO STOP,22.54249783,88.3441454
4 NO BRIDGE AUTO STOP,22.53950109,88.37038668
VIP BAZAR AUTO STOP,22.5255342,88.39598399
P.G. HOSPITAL/RABINDRA SADAN AUTO STOP,22.54104937,88.34407337
TATA CANCER HOSPITAL AUTO STOP,22.57697952,88.47889896
BAGNAN THANA MORE AUTO STOP,22.4676666,87.96691503
BAGNAN LIBRARY MORE AUTO STOP,22.468672,87.97369055
OM DAYAL AUTO STOP,22.55307785,88.35239742
ULUBERIA AUTO STOP,22.47117911,88.11099771
DECATHLON AUTO STOP,22.50806168,88.13351541
PANCHLA AUTO STOP,22.53156002,88.14745753
KONA EXPRESSWAY MORE AUTO STOP,22.62528188,88.29309813
KONA AUTO STOP,22.62433118,88.29318396
BALLY HALT AUTO STOP,22.6527646,88.33951176
SINTHEE AUTO STOP,22.63097561,88.3785037
CITY CENTRE AUTO STOP,22.58816255,88.40921855
BALLY GHAT AUTO STOP,22.64892908,88.34941459
PRAFULLA NAGAR AUTO STOP,22.6518157,88.38564914
PRAMOD NAGAR AUTO STOP,22.65119192,88.39829307
MATHKOL AUTO STOP,22.6517766,88.40191304
AIRPORT GATE-3 AUTO STOP,22.6534382,88.43648436
AIRPORT GATE-1 AUTO STOP,22.64143178,88.43097729
CITY CENTER-2 AUTO STOP,22.6217821,88.45050836
AKANKSHA MORE AUTO STOP,22.61856069,88.46460364
ECO TOURISM PARK AUTO STOP,22.60493315,88.46953304
WESTIN AUTO STOP,22.59196813,88.47411292
ECOSPACE AUTO STOP,22.58486507,88.4890902
TATA MEDICAL CENTER AUTO STOP,22.57694175,88.47886564
RABINDRA TIRTHA AUTO STOP,22.579175,88.47146091
HOME TOWN AUTO STOP,22.58126449,88.45744419
EASTERN CLUB AUTO STOP,22.5809033,88.44586804
NABADIGANTA BUS TERMINUS AUTO STOP,22.57635678,88.43971811
RING ROAD AUTO STOP,22.56727,88.43632936
GP BLOCK AUTO STOP,22.56901579,88.43100526
FIRE BRIGADE AUTO STOP,22.56637451,88.43203274
SDF AUTO STOP,22.56905732,88.43000678
GOURHATI AUTO STOP,22.77622336,87.80321096
ARAMBAG AUTO STOP,22.88634741,87.78352236
PURSHURA AUTO STOP,22.83488603,87.96461289
CHAMPADANGA AUTO STOP,22.83891129,87.97158563
GAJAR MORE AUTO STOP,22.8020787,88.07964833
SHIAKHALA AUTO STOP,22.77103289,88.16554591
CHANDITALA AUTO STOP,22.69090887,88.26173529
DANKUNI AUTO STOP,22.9117663,88.82448968
KONA EXPRESSWAY AUTO STOP,22.91660908,88.85339172
NAJRUL TIRTHA AUTO STOP,22.54729646,88.38474153
DAKBANGLOW MORE AUTO STOP,23.8338039,87.59047871
LAKETOWN(VIP) AUTO STOP,22.59108978,88.32002807
BELEGHATA CIT BUILDING AUTO STOP,22.54560297,88.37048866
BELEPOL AUTO STOP,22.6067371,88.28658382
BRATACHARI ASHRAM (BAGUIATI BIG BAZAR) AUTO STOP,22.601561,88.34443871
JORAMANDIR AUTO STOP,22.55747189,88.08561669
DUM DUM PARK AUTO STOP,22.56334031,88.04883161
BELEGHATA BUILDING MORE AUTO STOP,22.5756565,88.01027872
PATULI AUTO STOP,22.5755909,87.99657962
KENDUA AUTO STOP,22.58226136,87.98710392
GARIA AUTO STOP,22.58713268,87.96543546
MANDIR GATE AUTO STOP,22.59591249,87.96668838
RAJPUR AUTO STOP,22.6005075,87.96661734
GAZIPUR AUTO STOP,22.6059081,87.96371521
CHOUHATI AUTO STOP,22.38491281,88.07970646
HARAHARITALA AUTO STOP,22.486111,88.30456312
LALBARI AUTO STOP,22.14963923,88.09409743
KEDAR ASHRAM AUTO STOP,22.62447922,88.37903354
ATLAS MORE AUTO STOP,22.52554977,88.03439926
MALANCHA PHARI AUTO STOP,22.67282779,87.97662735
LANGALBERIA AUTO STOP,22.72021211,87.98280685
KHASHMALLIK AUTO STOP,23.53213592,88.14357746
HRIDAYPUR MORE AUTO STOP,22.59152248,88.27371963
B. T. COLLEGE AUTO STOP,22.76054255,87.98546658
AIRPORT 2 NO GATE AUTO STOP,22.48377685,88.37489223
AIRPORT 1 NO GATE AUTO STOP,22.52938466,88.42065196
NEWTOWN BUS STAND AUTO STOP,22.58452959,88.33422425
S. D. F. AUTO STOP,22.57089877,88.0381
E. M. BYPASS AUTO STOP,22.573478,88.01599082
 SCIENCE CITY AUTO STOP,22.57112155,88.00257389
V. I. P. BAZER AUTO STOP,22.56573201,88.05235569
BALLYGUNGE S.T.N AUTO STOP,22.56525404,88.05650508
 GARIAHAT AUTO STOP,22.55677267,88.08673065
RASH BEHARI AVENUE AUTO STOP,22.04880688,87.4909089
RASHBEHARI CROSSING ( KALIGHAT ) AUTO STOP,22.56573837,88.12715118
RABINDRA SADAN ( EXIDE MORE) AUTO STOP,22.56608428,88.14584636
P. G. HOSPITAL AUTO STOP,22.61006235,88.34480282
P. T. S. AUTO STOP,22.60618006,88.25923483
NABANNA AUTO STOP,22.62546739,88.29295918
BETAITALA AUTO STOP,22.64578712,88.30643996
SHALIMAR AUTO STOP,22.69953628,88.24882486
B.E. COLLEGE AUTO STOP,22.6560851,88.32040471
MAKARDAH AUTO STOP,22.76166171,88.42723209
NIBRA AUTO STOP,22.6528153,88.33973519
KHEJURTALA AUTO STOP,22.6530703,88.35453724
NEW MARKET AUTO STOP,22.65325611,88.36063406
MOULAI AUTO STOP,22.65335889,88.37839956
MG ROAD AUTO STOP,22.6517865,88.40193449
BURRABAZAR AUTO STOP,22.6620502,88.38017563
AIRPORT GATE AUTO STOP,22.65347545,88.43646815
HOWRAH STATION (30 MIN STOP) AUTO STOP,22.6458458,88.43394203
HOWRAH COURT AUTO STOP,22.64366166,88.43242973
FORESHORE ROAD AUTO STOP,22.58514521,88.28370707
PHULESHWAR AUTO STOP,22.53995527,88.33724939
NIMDIGHI AUTO STOP,22.54118486,88.34014622
ULUBERIA CHECKPOST AUTO STOP,22.54249783,88.3441454
GOURHATI MORE AUTO STOP,22.53950109,88.37038668
MAHISHALI JAGADISHPUR MORE AUTO STOP,22.5255342,88.39598399
DHULASIMLA AUTO STOP,22.54104937,88.34407337
MOHANI MORE AUTO STOP,22.57697952,88.47889896
58 GATE AUTO STOP,22.4676666,87.96691503
MORSHAL AUTO STOP,22.468672,87.97369055
GUJARPUR AUTO STOP,22.55307785,88.35239742
CHAULKHOLA AUTO STOP,22.47117911,88.11099771
SHAHIDULLAH COLLEGE AUTO STOP,22.50806168,88.13351541
BERACHAMPA CROSSING AUTO STOP,22.53156002,88.14745753
SONDALIA STATION AUTO STOP,22.62528188,88.29309813
KHARIBARI AUTO STOP,22.62433118,88.29318396
KAMDUNI MORE AUTO STOP,22.6527646,88.33951176
LANGALPOTA AUTO STOP,22.63097561,88.3785037
KALI PARK AUTO STOP,22.58816255,88.40921855
SALUA AUTO STOP,22.64892908,88.34941459
BIDHANNAGAR COLLEGE AUTO STOP,22.6518157,88.38564914
CITY CENTER AUTO STOP,22.65119192,88.39829307
KILKHANA AUTO STOP,22.6517766,88.40191304
VAISHALI AUTO STOP,22.6534382,88.43648436
TANGRA AUTO STOP,22.64143178,88.43097729
PURBANCHAL AUTO STOP,22.6217821,88.45050836
POST OFFICE AUTO STOP,22.61856069,88.46460364
GOBINDA KHATIK ROAD AUTO STOP,22.60493315,88.46953304
ARUPOTA AUTO STOP,22.59196813,88.47411292
PASCHIM CHOWBHAGA AUTO STOP,22.58486507,88.4890902
KOLKATA LEATHER COMPLEX AUTO STOP,22.57694175,88.47886564
GHUSIGHATA AUTO STOP,22.579175,88.47146091
JAYGRAM AUTO STOP,22.58126449,88.45744419
ARSADMIYA GHAT AUTO STOP,22.5809033,88.44586804
NUNCHAPOTA AUTO STOP,22.57635678,88.43971811
CHANGABOTTALA AUTO STOP,22.56727,88.43632936
5 NO. KALIMATH AUTO STOP,22.56901579,88.43100526
ASHARU AUTO STOP,22.56637451,88.43203274
BONCHAKHALI BAZAR AUTO STOP,22.56905732,88.43000678
PATHSHIMULIYA BAZAR AUTO STOP,22.77622336,87.80321096
KALAMBAGAN MARKET AUTO STOP,22.88634741,87.78352236
GARAPOTA AUTO STOP,22.83488603,87.96461289
CHANDABAZAR AUTO STOP,22.83891129,87.97158563
DHARMAPUKURIA AUTO STOP,22.8020787,88.07964833
MANIGAON AUTO STOP,22.77103289,88.16554591
GHATBAOR AUTO STOP,22.69090887,88.26173529
BONGAON PAIKPARA AUTO STOP,22.9117663,88.82448968
COLLEGE GHAT AUTO STOP,22.91660908,88.85339172
BONGAON AUTO STOP,22.54729646,88.38474153
1 NO. RAILGATE BAZAR AUTO STOP,23.8338039,87.59047871
CITY CENTER-1 AUTO STOP,22.59108978,88.32002807
BARUNDA AUTO STOP,22.54560297,88.37048866
BAGNAN AUTO STOP,22.6067371,88.28658382
KULGACHIA AUTO STOP,22.601561,88.34443871
BEKBAGAN AUTO STOP,22.55747189,88.08561669
DON BOSCO MORE AUTO STOP,22.56334031,88.04883161
HINDU KABRISTAN AUTO STOP,22.5756565,88.01027872
AMRI HOSPITAL AUTO STOP,22.5755909,87.99657962
GD ISLAND AUTO STOP,22.58226136,87.98710392
DHULAGARH TOLL PLAZA AUTO STOP,22.58713268,87.96543546
NEW KAROLA AUTO STOP,22.59591249,87.96668838
KONA EXPRESSWAY XING (NIBRA) AUTO STOP,22.6005075,87.96661734
PG HOSPITAL/RABINDRA SADAN AUTO STOP,22.6059081,87.96371521
JIVANDEEP AUTO STOP,22.38491281,88.07970646
CHADNI CHOWK AUTO STOP,22.486111,88.30456312
KONA EXPRESS AUTO STOP,22.14963923,88.09409743
VIDYASAAGAR SETU AUTO STOP,22.62447922,88.37903354
BECK BAGAN AUTO STOP,22.52554977,88.03439926
NARKEL BAGAN AUTO STOP,22.67282779,87.97662735
ALLIAH UNIVERSITY AUTO STOP,22.72021211,87.98280685
GURJORPUR AUTO STOP,23.53213592,88.14357746
LAXMI BAZAR AUTO STOP,22.59152248,88.27371963
58-GATE AUTO STOP,22.76054255,87.98546658
ULUBERIA STATION AUTO STOP,22.48377685,88.37489223
SUSRUT HOSPITAL AUTO STOP,22.52938466,88.42065196
GARIA BAZAR AUTO STOP,22.58452959,88.33422425
DINABANDHU ANDREWS COLLEGE AUTO STOP,22.57089877,88.0381
SINGHABARI AUTO STOP,22.573478,88.01599082
KALIKAPUR AVISHIKTA AUTO STOP,22.57112155,88.00257389
UTTAR PANCHANNAGRAM AUTO STOP,22.56573201,88.05235569
PANCHASAYAR AUTO STOP,22.56525404,88.05650508
NEW GARIA METRO AUTO STOP,22.55677267,88.08673065
PEERLESS AUTO STOP,22.04880688,87.4909089
MUKUNDAPUR/HILAND PARK AUTO STOP,22.56573837,88.12715118
METRO CASH AND CARRY AUTO STOP,22.56608428,88.14584636
RAJDANGA AUTO STOP,22.61006235,88.34480282
BALLYGUNGE AUTO STOP,22.60618006,88.25923483
CENTRAL GARAGE AUTO STOP,22.62546739,88.29295918
BALIA AUTO STOP,22.64578712,88.30643996
DHAPA AUTO STOP,22.69953628,88.24882486
APOLLO HOSPITAL AUTO STOP,22.6560851,88.32040471
MUCHIBAZAR AUTO STOP,22.76166171,88.42723209
HIGHLAND PARK AUTO STOP,22.6528153,88.33973519
UTTAR PANCHANNANGRAM AUTO STOP,22.6530703,88.35453724
METRO CASH & CARRY AUTO STOP,22.65325611,88.36063406
HYATT REGENCY AUTO STOP,22.65335889,88.37839956
PRAFULLANAGAR AUTO STOP,22.6517865,88.40193449
MAITYPARA AUTO STOP,22.6620502,88.38017563
FCI GODOWN AUTO STOP,22.65347545,88.43646815
ICHAPUR JALTANK AUTO STOP,22.6458458,88.43394203
DUMURJOLA HOUSING COMPLEX AUTO STOP,22.64366166,88.43242973
NOTUN RASTAR MORE AUTO STOP,22.58514521,88.28370707
EXIDE RABINDRA SADAN AUTO STOP,22.53995527,88.33724939
DARGAH ROAD AUTO STOP,22.54118486,88.34014622
SCIENCE CITY MILAN MELA GROUND STOPPAGE AUTO STOP,22.54249783,88.3441454
MADHYAMGRAM STATION AUTO STOP,22.53950109,88.37038668
A.P.C. COLLEGE AUTO STOP,22.5255342,88.39598399
MURAGACHHA AUTO STOP,22.54104937,88.34407337
H.B. TOWN AUTO STOP,22.57697952,88.47889896
SODEPUR TRAFFIC MORE AUTO STOP,22.4676666,87.96691503
BELGHARIA RATHTALA AUTO STOP,22.468672,87.97369055
BONHOOGLY (ISI) AUTO STOP,22.55307785,88.35239742
SINTHI MORE AUTO STOP,22.47117911,88.11099771
TALA BRIDGE AUTO STOP,22.50806168,88.13351541
CENTRAL AVENUE AUTO STOP,22.53156002,88.14745753
HOWRAH BRIDGE AUTO STOP,22.62528188,88.29309813
BHOJHERHAT AUTO STOP,22.62433118,88.29318396
4NO BRIDGE AUTO STOP,22.6527646,88.33951176
ENTALLY AUTO STOP,22.63097561,88.3785037
RAJABAZAR TRAM DEPOT AUTO STOP,22.58816255,88.40921855
GOHALBERIA AUTO STOP,22.64892908,88.34941459
KOLIA MORE AUTO STOP,22.6518157,88.38564914
NABAGRAM AUTO STOP,22.65119192,88.39829307
DAFARPUR AUTO STOP,22.6517766,88.40191304
BELARI MOLLAH MORE AUTO STOP,22.6534382,88.43648436
BAGANDA AUTO STOP,22.64143178,88.43097729
MOUBESIA AUTO STOP,22.6217821,88.45050836
KALINAGAR MORE AUTO STOP,22.61856069,88.46460364
GANGARAMPUR AUTO STOP,22.60493315,88.46953304
DOMPARA AUTO STOP,22.59196813,88.47411292
JAMBERIA BRIDGE AUTO STOP,22.58486507,88.4890902
KHALISANI AUTO STOP,22.57694175,88.47886564
PANIARAH AUTO STOP,22.579175,88.47146091
JHIKIRA AUTO STOP,22.58126449,88.45744419
AMRAGARI AUTO STOP,22.5809033,88.44586804
SEHAGORI AUTO STOP,22.57635678,88.43971811
SHIBTALA AUTO STOP,22.56727,88.43632936
BETAI BONDOR MORE AUTO STOP,22.56901579,88.43100526
NARIT MORE AUTO STOP,22.56637451,88.43203274
AMTA COLLEGE MORE AUTO STOP,22.56905732,88.43000678
AMTA NEW MARKET AUTO STOP,22.77622336,87.80321096
AMTA STATION AUTO STOP,22.88634741,87.78352236
CHAKHANA AUTO STOP,22.83488603,87.96461289
ASUTHWATALA AUTO STOP,22.83891129,87.97158563
VANDERGACHHA AUTO STOP,22.8020787,88.07964833
10 NO POLE AUTO STOP,22.77103289,88.16554591
MALIKBAGAN AUTO STOP,22.69090887,88.26173529
RABINDRASADAN AUTO STOP,22.9117663,88.82448968
KHALPOL AUTO STOP,22.91660908,88.85339172
SARKAR BAZAR AUTO STOP,22.54729646,88.38474153
RASHMONI BAZAR AUTO STOP,23.8338039,87.59047871
ID HOSPITAL AUTO STOP,22.59108978,88.32002807
ANANTAPUR AUTO STOP,22.54560297,88.37048866
BAZETOROF AUTO STOP,22.6067371,88.28658382
RAJARHAT BISHNUPUR AUTO STOP,22.601561,88.34443871
RAJARHAT BAZAR AUTO STOP,22.55747189,88.08561669
INDIRANAGAR AUTO STOP,22.56334031,88.04883161
RAIGACHHI AUTO STOP,22.5756565,88.01027872
JYANGRA CHOWMATHA AUTO STOP,22.5755909,87.99657962
DEULI AUTO STOP,22.58226136,87.98710392
C.I.T.ROAD AUTO STOP,22.58713268,87.96543546
KANTALTALA AUTO STOP,22.59591249,87.96668838
MURARISHA CHOWMATHA AUTO STOP,22.6005075,87.96661734
TAKI AUTO STOP,22.6059081,87.96371521
AIRPORT GATE NO. 2.5 AUTO STOP,22.38491281,88.07970646
AIRPORT GATE NO. 2 AUTO STOP,22.486111,88.30456312
AIRPORT GATE NO. 1 AUTO STOP,22.14963923,88.09409743
AKANSHA MORE AUTO STOP,22.62447922,88.37903354
PAECHAR MORE (OWL MORE) AUTO STOP,22.52554977,88.03439926
POLICE PHARI AUTO STOP,22.67282779,87.97662735
THE WESTIN AUTO STOP,22.72021211,87.98280685
TCS GITANJANI PARK AUTO STOP,23.53213592,88.14357746
SWAPNOBHOR AUTO STOP,22.59152248,88.27371963
NOVOTEL AUTO STOP,22.76054255,87.98546658
AXIS MALL / HOMETOWN AUTO STOP,22.48377685,88.37489223
EASTERN CLUB (EAST ENCLAVE HOUSING COMPLEX) AUTO STOP,22.52938466,88.42065196
MAHISHBATHAN / TECHNOPOLIS AUTO STOP,22.58452959,88.33422425
R.S. SOFTWARE AUTO STOP,22.57089877,88.0381
TECHNO INDIA AUTO STOP,22.573478,88.01599082
BRIDGE 4 AUTO STOP,22.57112155,88.00257389
BIT COLLEGE AUTO STOP,22.56573201,88.05235569
KATHILABAR AUTO STOP,22.56525404,88.05650508
HOGLASI AUTO STOP,22.55677267,88.08673065
SASATI AUTO STOP,22.04880688,87.4909089
ANTILA AUTO STOP,22.56573837,88.12715118
KHALOR AUTO STOP,22.56608428,88.14584636
NUNTIA AUTO STOP,22.61006235,88.34480282
BAGNAN STATION AUTO STOP,22.60618006,88.25923483
LIBRARY MORE AUTO STOP,22.62546739,88.29295918
BIRSHIBPUR AUTO STOP,22.64578712,88.30643996
DON BOSCO CROSSING AUTO STOP,22.69953628,88.24882486
DARGA ROAD AUTO STOP,22.6560851,88.32040471
PARK CIRCUS STATION AUTO STOP,22.76166171,88.42723209
HINDU KABRISTAN CROSSING ( TILJALA ) AUTO STOP,22.6528153,88.33973519
GARH BHAWANIPUR AUTO STOP,22.6530703,88.35453724
BETAI AUTO STOP,22.65325611,88.36063406
SENERDANGA AUTO STOP,22.65335889,88.37839956
10NO. POLE AUTO STOP,22.6517865,88.40193449
ISLAMPUR AUTO STOP,22.6620502,88.38017563
GABBERIA CHOTOPOLE AUTO STOP,22.65347545,88.43646815
GABBERIA HOSPITAL AUTO STOP,22.6458458,88.43394203
BASTALA AUTO STOP,22.64366166,88.43242973
SANDHIPUR AUTO STOP,22.58514521,88.28370707
NEW KOLORA AUTO STOP,22.53995527,88.33724939
JALAN COMPLEX 1 AUTO STOP,22.54118486,88.34014622
DHAPA MATHPUKUR AUTO STOP,22.54249783,88.3441454
SUSRUT EYE HOSPITAL AUTO STOP,22.53950109,88.37038668
